인허가번호,업소명,업종,업소주소,인허가관할기관
20080433258,한국야쿠르트충주특판강일유통,집단급식소식품판매업,"충청북도 충주시 목행산단7로 24, K동 321호 (목행동)",충청북도 충주시
20090433279,해동상회,집단급식소식품판매업,"충청북도 충주시 행정9길 17, (목행동)",충청북도 충주시
20090433414,씨제이종합유통,집단급식소식품판매업,"충청북도 충주시 목행산단5로 70, 가동 (목행동)",충청북도 충주시
20130433332,푸른누리영농조합법인,집단급식소식품판매업,"충청북도 충주시 하풍1길 1, 1층 101호 (풍동)",충청북도 충주시
20140433358,토옥한우주식회사,집단급식소식품판매업,"충청북도 충주시 칠지1길 18, (칠금동)",충청북도 충주시
20140433370,코주부충주점,집단급식소식품판매업,"충청북도 충주시 대가주1길 11, (가주동)",충청북도 충주시
20140433423,중원유통,집단급식소식품판매업,"충청북도 충주시 목행산단7로 24, E동 106호 (목행동)",충청북도 충주시
20150433632,장보고마트,집단급식소식품판매업,"충청북도 충주시 무학3길 6, (봉방동)",충청북도 충주시
20160433397,플러스푸드,집단급식소식품판매업,"충청북도 충주시 능바우길 57, (칠금동)",충청북도 충주시
20160433535,일월식품,집단급식소식품판매업,충청북도 충주시 산척면 천등박달로 338,충청북도 충주시
20160445421,(주)충북푸드,집단급식소식품판매업,"충청북도 충주시 수안보면 온천중앙길 35, 1층",충청북도 충주시
20170433084,아리랑푸드,집단급식소식품판매업,"충청북도 충주시 목행산단7로 24, K동 309호 (목행동)",충청북도 충주시
20170433155,충주친환경유기영농조합법인(채소부),집단급식소식품판매업,충청북도 충주시 주덕읍 중원산업1로 40,충청북도 충주시
20170433721,아이원,집단급식소식품판매업,"충청북도 충주시 산척면 동산로 725, 1층",충청북도 충주시
20180442619,충주키즈,집단급식소식품판매업,"충청북도 충주시 대림1길 4, 1동 2호 (문화동)",충청북도 충주시
20180442736,모닝마트세경점,집단급식소식품판매업,"충청북도 충주시 신촌2길 6, 예성세경아파트상가 A동 101호 (호암동)",충청북도 충주시
20190442285,(주)형제푸드시스템,집단급식소식품판매업,"충청북도 충주시 엄정면 논동옥성길 159, 1층",충청북도 충주시
20190442897,(주)모닝마트,집단급식소식품판매업,"충청북도 충주시 남산로 88, (용산동)",충청북도 충주시
20190442921,종가집,집단급식소식품판매업,"충청북도 충주시 목행산단7로 24, K동 102,103호 (목행동)",충청북도 충주시
19990433269,수안보농협가공공장,유통전문판매업,충청북도 충주시 수안보면 발화동길 65-15,충청북도 충주시
20010433034,(주)동심,유통전문판매업,충청북도 충주시 중앙탑면 감노로 2315,충청북도 충주시
20040433459,(주)다올통상,유통전문판매업,"충청북도 충주시 동량면 호반로 49, 2층",충청북도 충주시
20050433256,장안농장,유통전문판매업,충청북도 충주시 신니면 하랭이길 140,충청북도 충주시
20070433375,주식회사건국내츄럴에프앤비,유통전문판매업,"충청북도 충주시 계명대로 265, 다동 102,103호 (연수동)",충청북도 충주시
20080433099,영양제과(주),유통전문판매업,충청북도 충주시 신니면 덕고개로 255,충청북도 충주시
20100433454,(주)꽃피는아침마을,유통전문판매업,충청북도 충주시 노은면 솔고개로 737-1,충청북도 충주시
20110433112,(주)코주부B&F,유통전문판매업,"충청북도 충주시 신니면 신석3길 77, 라동",충청북도 충주시
20110433310,서울식품공업(주),유통전문판매업,"충청북도 충주시 충원대로 862, (목행동)",충청북도 충주시
20110433379,하얀민들레농원,유통전문판매업,충청북도 충주시 주덕읍 제내사락길 33,충청북도 충주시
20120433242,동화약품(주),유통전문판매업,"충청북도 충주시 충주산단1로 167, (용탄동)",충청북도 충주시
20120433328,(주)올찬식품,유통전문판매업,충청북도 충주시 금가면 문곡길 103,충청북도 충주시
20120433470,농업회사법인(주)햇살블루,유통전문판매업,충청북도 충주시 중앙탑면 풍년길 100-1,충청북도 충주시
20120332604,아이배냇(주),유통전문판매업,"충청북도 충주시 대소원면 메가폴리스3로 8, 2층",충청북도 충주시
20130433373,(주)파미안,유통전문판매업,"충청북도 충주시 상방6길 64, (봉방동)",충청북도 충주시
20130433445,(주)올가니카,유통전문판매업,충청북도 충주시 소태면 구룡로 692-13,충청북도 충주시
20130362081,KGEC(케이지이씨),유통전문판매업,"충청북도 충주시 엄정면 웃세고개길 35-14, 2층",충청북도 충주시
20150433046,사랑농원,유통전문판매업,충청북도 충주시 엄정면 내창로 202-1,충청북도 충주시
20150433050,미녹원,유통전문판매업,충청북도 충주시 금가면 금가중앙1길 98,충청북도 충주시
20150433441,농업회사법인(주)두레촌,유통전문판매업,충청북도 충주시 대소원면 완오신촌길 27,충청북도 충주시
20150433459,어울청,유통전문판매업,"충청북도 충주시 대소원면 완오신촌길 27, 2층",충청북도 충주시
20160433019,여누넷,유통전문판매업,"충청북도 충주시 남산13길 2, (교현동)",충청북도 충주시
20160433331,애플샵,유통전문판매업,"충청북도 충주시 목행산단7로 24, A동 348호 (목행동)",충청북도 충주시
20160275054,(주)산지,유통전문판매업,충청북도 충주시 대소원면 메가폴리스로 36,충청북도 충주시
20170433275,더하니,유통전문판매업,충청북도 충주시 중앙탑면 인담길 7,충청북도 충주시
20170433493,태인식품,유통전문판매업,"충청북도 충주시 삼원로 66, 1층 (봉방동)",충청북도 충주시
20170433499,예림이네곤충마을,유통전문판매업,"충청북도 충주시 대가미6길 20, (칠금동)",충청북도 충주시
20170433548,충북원예농협거점APC,유통전문판매업,"충청북도 충주시 금가면 금가중앙2길 1-22, 2층",충청북도 충주시
20170433710,(주)트루나스,유통전문판매업,"충청북도 충주시 충주산단6로 32, 2층 (용탄동)",충청북도 충주시
20170106748,(주)유앤미에프앤비,유통전문판매업,충청북도 충주시 대소원면 메가폴리스2로 8,충청북도 충주시
20170433146,(주)티지와이,유통전문판매업,충청북도 충주시 주덕읍 중원산업로 57-32,충청북도 충주시
20180442130,(주)태한무역,유통전문판매업,"충청북도 충주시 앙성면 앙암로 131, 가동",충청북도 충주시
20180442178,에이티아이(ATI),유통전문판매업,"충청북도 충주시 성터3길 33, 101호 (문화동)",충청북도 충주시
20180442327,제이푸드,유통전문판매업,충청북도 충주시 대소원면 첨단쉼터4길 10,충청북도 충주시
20180442331,유한회사 덕성농업회사법인,유통전문판매업,"충청북도 충주시 금가면 금가중앙1길 98, 가동",충청북도 충주시
20180442547,농업회사법인올투게더네이쳐스(주),유통전문판매업,"충청북도 충주시 동수5길 17, (연수동)",충청북도 충주시
20180442635,숲담은블랙커런트,유통전문판매업,충청북도 충주시 노은면 연하중앙길 47,충청북도 충주시
20180442687,농업회사법인 햇살여문(주),유통전문판매업,"충청북도 충주시 거룡6길 23-1, 1층 (용산동)",충청북도 충주시
20190442043,경수농산,유통전문판매업,"충청북도 충주시 하용두3길 50-23, 저온저장고 (용두동)",충청북도 충주시
20190442114,소나무상사,유통전문판매업,충청북도 충주시 엄정면 내창로 229,충청북도 충주시
20190442125,(주)명가,유통전문판매업,"충청북도 충주시 상방2길 5, 1층 (봉방동)",충청북도 충주시
20190442532,(주)생활바이오,유통전문판매업,충청북도 충주시 대소원면 첨단산업4로 63-1,충청북도 충주시
20190442556,한마음염소 영농조합법인,유통전문판매업,"충청북도 충주시 천변로 211, 1층 (교현동)",충청북도 충주시
20190442570,농업회사법인그린그래스(주),유통전문판매업,"충청북도 충주시 연수로 67, 1층 (연수동)",충청북도 충주시
20190442747,남한강굼벵이,유통전문판매업,"충청북도 충주시 엄정면 구룡로 411, A동 1층",충청북도 충주시
20190442774,장길영사과감자떡,유통전문판매업,"충청북도 충주시 중앙탑면 청금로 265, 1층",충청북도 충주시
20190442806,진건강바이오,유통전문판매업,"충청북도 충주시 엄정면 웃세고개길 35-14, 2층",충청북도 충주시
20190442839,들골꾸지뽕농원,유통전문판매업,"충청북도 충주시 예성로 256, 충주축협 3층 (교현동)",충청북도 충주시
20190442927,청명약초,유통전문판매업,충청북도 충주시 앙성면 앙암로 983-1,충청북도 충주시
20190230150,주식회사지향,유통전문판매업,"충청북도 충주시 금가면 강수로 56, 1층",충청북도 충주시
20200442173,초담유통,유통전문판매업,"충청북도 충주시 신니면 덕고개로 412, 나동",충청북도 충주시
20200442199,(주)알엠바이오테크,유통전문판매업,"충청북도 충주시 연수로1길 11, 1층 (연수동)",충청북도 충주시
20200442322,주식회사바이오봄,유통전문판매업,"충청북도 충주시 충원대로 268, 건국대학교글로컬캠퍼스창업보육센터 4층 406호 (단월동)",충청북도 충주시
20200442422,농업회사법인(주)올빛,유통전문판매업,"충청북도 충주시 목행산단2로 31, (목행동)",충청북도 충주시
20200442436,아이비에이치피씨(IBHPC),유통전문판매업,"충청북도 충주시 무학3길 11, 1층 (봉방동)",충청북도 충주시
19960433205,충주농협,기타식품판매업,"충청북도 충주시 봉방3길 16, (봉방동)",충청북도 충주시
19990433453,충주축산농협하나로마트,기타식품판매업,"충청북도 충주시 예성로 256, (교현동)",충청북도 충주시
20000433062,모닝마트세경점,기타식품판매업,"충청북도 충주시 신촌2길 6, 1층 (호암동)",충청북도 충주시
20010433277,놀부공판장,기타식품판매업,"충청북도 충주시 주공길 10, (연수동)",충청북도 충주시
20010433470,(주)이마트충주점,기타식품판매업,"충청북도 충주시 중원대로 3420, (문화동)",충청북도 충주시
20010433642,롯데쇼핑(주)롯데마트충주점,기타식품판매업,"충청북도 충주시 봉계1길 49, (칠금동)",충청북도 충주시
20020433338,충주공판장주식회사,기타식품판매업,"충청북도 충주시 사직로 286, 염밭로118 (교현동) (안림동)",충청북도 충주시
20030433008,(주)지에스리테일충주용산점,기타식품판매업,"충청북도 충주시 남산로 72, (용산동)",충청북도 충주시
20040433361,럭키유통,기타식품판매업,"충청북도 충주시 중원대로 지하 3377, 상가동 (문화동)",충청북도 충주시
20050433404,주덕농협하나로마트,기타식품판매업,충청북도 충주시 주덕읍 신양로 34,충청북도 충주시
20060433109,지에스더프레시(GS THE FRESH) 충주연수점,기타식품판매업,"충청북도 충주시 금곡로 55, (연수동)",충청북도 충주시
20060433237,(주)누리마트 칠금점,기타식품판매업,"충청북도 충주시 칠금11길 17, (칠금동)",충청북도 충주시
20070433169,모닝마트호암점,기타식품판매업,"충청북도 충주시 호암대로 123, (호암동)",충청북도 충주시
20070433384,신세계유통,기타식품판매업,"충청북도 충주시 호암중앙1로 48, (호암동)",충청북도 충주시
20080433034,팡팡마트,기타식품판매업,"충청북도 충주시 연수로 57, (연수동)",충청북도 충주시
20080433294,주식회사 모닝마트,기타식품판매업,"충청북도 충주시 남산로 88, (용산동)",충청북도 충주시
20080433327,제일큰마트,기타식품판매업,"충청북도 충주시 목행산단7로 24, F동 103,104,105호 (목행동)",충청북도 충주시
20090433175,수안보농협,기타식품판매업,충청북도 충주시 수안보면 온천중앙길 5,충청북도 충주시
20100433042,엘마트,기타식품판매업,"충청북도 충주시 연수동산로 11, (연수동)",충청북도 충주시
20100433185,충북원예농협하나로마트,기타식품판매업,"충청북도 충주시 번영대로 229, (연수동)",충청북도 충주시
20100433279,서충주농협만정지점하나로마트,기타식품판매업,충청북도 충주시 대소원면 중원대로 3930,충청북도 충주시
20110433149,롯데슈퍼충주칠금가맹점,기타식품판매업,"충청북도 충주시 칠금12길 51, (칠금동)",충청북도 충주시
20120433225,하모니마트앙성점,기타식품판매업,충청북도 충주시 앙성면 가곡로 1009,충청북도 충주시
20120433487,충주축산농협하나로마트안림점,기타식품판매업,"충청북도 충주시 금봉대로 366-1, (교현동)",충청북도 충주시
20160433179,드림마트,기타식품판매업,"충청북도 충주시 봉현로 348-2, (교현동)",충청북도 충주시
20160433542,(주)롯데슈퍼충주첨단점,기타식품판매업,충청북도 충주시 대소원면 첨단쉼터1길 3,충청북도 충주시
20160433611,동충주농협하나로마트,기타식품판매업,충청북도 충주시 엄정면 내창로 178,충청북도 충주시
20170433044,(주)누리마트,기타식품판매업,"충청북도 충주시 신호3길 34, (교현동)",충청북도 충주시
20170433739,킹마트,기타식품판매업,"충청북도 충주시 성서1길 36, (성서동)",충청북도 충주시
20170433798,노브랜드충주중앙탑점,기타식품판매업,"충청북도 충주시 중앙탑면 기업도시로 222, 골든스카이 타워 1층 102호",충청북도 충주시
20190442810,(주)이마트에브리데이 서충주점,기타식품판매업,"충청북도 충주시 중앙탑면 원앙9길 18-4, 1층",충청북도 충주시
20200442107,주식회사홈마트,기타식품판매업,"충청북도 충주시 대소원면 기업도시로 26, (주)홈마트 1층",충청북도 충주시
20200442287,노브랜드충주호암점,기타식품판매업,"충청북도 충주시 호암토성4길 3, 1층 (호암동)",충청북도 충주시
20080425167,(주)푸드라인,집단급식소식품판매업,"충청북도 청주시 흥덕구 덕암로113번길 32, (봉명동,(1층))",충청북도 청주시 흥덕구
20080425190,신우푸드,집단급식소식품판매업,"충청북도 청주시 흥덕구 동촌로 55-8, 1층 (지동동)",충청북도 청주시 흥덕구
20080425203,(주)세종유통,집단급식소식품판매업,"충청북도 청주시 흥덕구 1순환로536번길 18, (봉명동,(1층))",충청북도 청주시 흥덕구
20080425368,서울농산,집단급식소식품판매업,"충청북도 청주시 흥덕구 백봉로 254, (봉명동,농수산물도매시장 3동-1층)",충청북도 청주시 흥덕구
20080425385,주식회사 해신수산,집단급식소식품판매업,"충청북도 청주시 흥덕구 덕암로113번길 39, 1층 (봉명동)",충청북도 청주시 흥덕구
20080421235,동원씨푸드,집단급식소식품판매업,"충청북도 청주시 흥덕구 덕암로92번길 11, 정진빌 1층 103호 (봉명동)",충청북도 청주시 흥덕구
20090425246,주식회사 바른생활푸드시스템,집단급식소식품판매업,"충청북도 청주시 흥덕구 덕암로47번길 79, (봉명동,(1층))",충청북도 청주시 흥덕구
20100425270,경동씨앤에프(주),집단급식소식품판매업,"충청북도 청주시 흥덕구 덕암로35번길 106, 1층 (봉명동)",충청북도 청주시 흥덕구
20100425639,(주)동원푸드시스템,집단급식소식품판매업,"충청북도 청주시 흥덕구 과상미로10번길 85, (봉명동,(1층))",충청북도 청주시 흥덕구
20130425025,(주)동우에프앤씨,집단급식소식품판매업,"충청북도 청주시 흥덕구 운천로17번길 17, 1층 (운천동)",충청북도 청주시 흥덕구
20130425312,푸드코(주),집단급식소식품판매업,"충청북도 청주시 흥덕구 덕암로113번길 12, (봉명동, (2층))",충청북도 청주시 흥덕구
20150425155,푸드피아,집단급식소식품판매업,"충청북도 청주시 흥덕구 서부로1223번길 105, 1층 (가경동)",충청북도 청주시 흥덕구
20150425196,청주나누리푸드장애인보호작업장,집단급식소식품판매업,"충청북도 청주시 흥덕구 상신로 133-5, 1층 (상신동)",충청북도 청주시 흥덕구
20150425418,온나라식품,집단급식소식품판매업,"충청북도 청주시 흥덕구 덕암로114번길 12, 1층 (봉명동)",충청북도 청주시 흥덕구
20150425629,청주유통,집단급식소식품판매업,"충청북도 청주시 흥덕구 가로수로1132번길 9-1, 2층 201호 (비하동)",충청북도 청주시 흥덕구
20150425650,청주아이누리,집단급식소식품판매업,"충청북도 청주시 흥덕구 대신로40번길 42, 1층 (복대동)",충청북도 청주시 흥덕구
20150237016,충남유통,집단급식소식품판매업,"충청북도 청주시 흥덕구 강내면 태성탑연로 382, (주)창안물산 1층",충청북도 청주시 흥덕구
20160425220,지인푸드,집단급식소식품판매업,"충청북도 청주시 흥덕구 직지대로581번길 20, 1층 (봉명동)",충청북도 청주시 흥덕구
20160425563,대림수산,집단급식소식품판매업,"충청북도 청주시 흥덕구 백봉로 254, 2동 1층 (봉명동, 농수산물도매시장)",충청북도 청주시 흥덕구
20160425729,다다푸른영농조합법인,집단급식소식품판매업,"충청북도 청주시 흥덕구 덕암로113번길 23, 3층 (봉명동)",충청북도 청주시 흥덕구
20160425831,가야상회,집단급식소식품판매업,"충청북도 청주시 흥덕구 백봉로 254, 1동 1층 일부호 (봉명동, 청주시농산물도매시장)",충청북도 청주시 흥덕구
20170425045,드림위너스주식회사,집단급식소식품판매업,"충청북도 청주시 흥덕구 백봉로 257, 1층 (봉명동)",충청북도 청주시 흥덕구
20170425047,농업회사법인청주시친환경유통센타 주식회사,집단급식소식품판매업,"충청북도 청주시 흥덕구 상신로 8, 1-2층 (송절동)",충청북도 청주시 흥덕구
20170425324,(주)해신푸드,집단급식소식품판매업,"충청북도 청주시 흥덕구 덕암로113번길 39, 1, 2층 (봉명동)",충청북도 청주시 흥덕구
20170425426,총각네식자재전문유통,집단급식소식품판매업,"충청북도 청주시 흥덕구 사운로262번길 33, 1층 (운천동)",충청북도 청주시 흥덕구
20170425609,(주)대승푸드서비스,집단급식소식품판매업,"충청북도 청주시 흥덕구 덕암로113번길 3, 1층 일부호 (봉명동)",충청북도 청주시 흥덕구
20170425874,농업회사법인 농가생활협동조합주식회사,집단급식소식품판매업,"충청북도 청주시 흥덕구 직지대로 130-11, 충북친환경채소가공유통센터 주1동 1층 (지동동)",충청북도 청주시 흥덕구
20180434047,경주상회,집단급식소식품판매업,"충청북도 청주시 흥덕구 백봉로 254, 농수산물도매시장 8동 (봉명동)",충청북도 청주시 흥덕구
20180434079,삼일영농조합법인,집단급식소식품판매업,"충청북도 청주시 흥덕구 오송읍 외옥제방길 7, 주1동 1층",충청북도 청주시 흥덕구
20180434340,헬스앤케어(Health & Care) 충북티엠에스(TMS),집단급식소식품판매업,"충청북도 청주시 흥덕구 가로수로1132번길 9-1, 순복음호산나교회 2층 202호 (비하동)",충청북도 청주시 흥덕구
20180434507,고담원푸드,집단급식소식품판매업,"충청북도 청주시 흥덕구 덕암로103번길 21, 101호 (봉명동)",충청북도 청주시 흥덕구
20180434548,산뜻한유통,집단급식소식품판매업,"충청북도 청주시 흥덕구 과상미로83번길 18, 1층 (봉명동)",충청북도 청주시 흥덕구
20180434980,소망유통,집단급식소식품판매업,"충청북도 청주시 흥덕구 청주역로 300, 1층 (정봉동)",충청북도 청주시 흥덕구
20190434501,호원청과,집단급식소식품판매업,"충청북도 청주시 흥덕구 백봉로 254, 농수산물도매시장 1동 1층 22호 (봉명동)",충청북도 청주시 흥덕구
20190434757,안동상회,집단급식소식품판매업,"충청북도 청주시 흥덕구 백봉로 254, 농수산물도매시장 1층 (봉명동)",충청북도 청주시 흥덕구
20190435130,푸드샵,집단급식소식품판매업,"충청북도 청주시 흥덕구 백봉로267번길 5, B동 1층 (봉명동)",충청북도 청주시 흥덕구
20200434038,준수직판장,집단급식소식품판매업,"충청북도 청주시 흥덕구 주현로33번길 23, 1층 (봉명동)",충청북도 청주시 흥덕구
20200434146,자연푸드,집단급식소식품판매업,"충청북도 청주시 흥덕구 덕암로47번길 53, 1층 (봉명동)",충청북도 청주시 흥덕구
20200434244,충북청년연합유통,집단급식소식품판매업,"충청북도 청주시 흥덕구 과상미로93번길 4, 1층 102호 (봉명동)",충청북도 청주시 흥덕구
19940425178,롯데푸드(주),유통전문판매업,"충청북도 청주시 흥덕구 대신로164번길 69, (송정동)",충청북도 청주시 흥덕구
20010425758,하늘비식품,유통전문판매업,"충청북도 청주시 흥덕구 동막로 348, (동막동)",충청북도 청주시 흥덕구
20030425048,롯데네슬레코리아주식회사,유통전문판매업,"충청북도 청주시 흥덕구 백봉로72번길 21, (송정동,(2층))",충청북도 청주시 흥덕구
20030425331,(주)정ㆍ식품,유통전문판매업,"충청북도 청주시 흥덕구 산단로 124, (송정동,(1층))",충청북도 청주시 흥덕구
20040425788,다산식품,유통전문판매업,"충청북도 청주시 흥덕구 과상미로83번길 11-1, 1층 (봉명동)",충청북도 청주시 흥덕구
20040425891,(주)동원에프앤비(F&B),유통전문판매업,"충청북도 청주시 흥덕구 공단로 40, (복대동,(3층))",충청북도 청주시 흥덕구
20050425662,주식회사 일신웰스,유통전문판매업,"충청북도 청주시 흥덕구 강내면 부용남이길 111-30, (외 7필지)",충청북도 청주시 흥덕구
20060425195,(주)푸드에프엔씨,유통전문판매업,"충청북도 청주시 흥덕구 풍년로119번길 29-1, (가경동,(1층))",충청북도 청주시 흥덕구
20060425396,커피컴퍼니 대진,유통전문판매업,"충청북도 청주시 흥덕구 운천로 22, (운천동,(1층))",충청북도 청주시 흥덕구
20060425380,강내농업협동조합,유통전문판매업,"충청북도 청주시 흥덕구 강내면 탑연월곡길 85-1, 1층 일부호",충청북도 청주시 흥덕구
20070425162,대한제당(주)옥산공장,유통전문판매업,충청북도 청주시 흥덕구 옥산면 오송가락로 729,충청북도 청주시 흥덕구
20070425501,(주)풍회유통,유통전문판매업,충청북도 청주시 흥덕구 옥산면 덕촌덕절길 41-23,충청북도 청주시 흥덕구
20100425017,윤팔도전통식품,유통전문판매업,"충청북도 청주시 흥덕구 1순환로 525, 3층 (봉명동, 528)",충청북도 청주시 흥덕구
20100425173,조아유통,유통전문판매업,충청북도 청주시 흥덕구 강내면 산단리 50-2번지,충청북도 청주시 흥덕구
20120425351,유니-웰,유통전문판매업,"충청북도 청주시 흥덕구 강내면 산단길 38, 1층",충청북도 청주시 흥덕구
20120425412,교동식품,유통전문판매업,"충청북도 청주시 흥덕구 가로수로 937, 교동식품 1층 (휴암동)",충청북도 청주시 흥덕구
20120425642,한양비씨엠,유통전문판매업,"충청북도 청주시 흥덕구 풍년로 200, (가경동, (2층))",충청북도 청주시 흥덕구
20130425206,(주)시아스,유통전문판매업,충청북도 청주시 흥덕구 옥산면 과학산업1로 102,충청북도 청주시 흥덕구
20130425349,일성푸드,유통전문판매업,"충청북도 청주시 흥덕구 오송읍 가로수로 11-8, (삼부청솔아파트 상가3동 101호)",충청북도 청주시 흥덕구
20140425093,(주)영광식품,유통전문판매업,"충청북도 청주시 흥덕구 흥덕로151번길 21, 1층 (운천동)",충청북도 청주시 흥덕구
20140425308,(주)아노참치,유통전문판매업,"충청북도 청주시 흥덕구 덕암로41번길 56, 2층 (봉명동)",충청북도 청주시 흥덕구
20150425036,제일유통,유통전문판매업,"충청북도 청주시 흥덕구 신율로111번길 30, (복대동)",충청북도 청주시 흥덕구
20150425049,(주)백년나무,유통전문판매업,"충청북도 청주시 흥덕구 오송읍 궁평길 85, 1층",충청북도 청주시 흥덕구
20150425381,살빼는 재미 기트리닷컴,유통전문판매업,"충청북도 청주시 흥덕구 오송읍 서평길 31-1, 1층",충청북도 청주시 흥덕구
20150417418,썸&썸,유통전문판매업,"충청북도 청주시 흥덕구 청주역로338번길 2-1, (정봉동)",충청북도 청주시 흥덕구
20160425030,(주)다농엘마트,유통전문판매업,"충청북도 청주시 흥덕구 백봉로 254, 2층 (봉명동, 7동)",충청북도 청주시 흥덕구
20160425036,청원생명농협쌀조합공동사업법인,유통전문판매업,"충청북도 청주시 흥덕구 비하로9번길 7, 3층 (비하동)",충청북도 청주시 흥덕구
20160425223,가미향,유통전문판매업,"충청북도 청주시 흥덕구 강내면 상월곡길 49-1, 2층 일부호",충청북도 청주시 흥덕구
20160425246,씨엔지바이오(주),유통전문판매업,"충청북도 청주시 흥덕구 강내면 청주역로 213-52, (N동)",충청북도 청주시 흥덕구
20160425625,에스제이,유통전문판매업,"충청북도 청주시 흥덕구 직지대로639번길 28-1, 1층 (봉명동)",충청북도 청주시 흥덕구
20160425640,(주)행복한사람들,유통전문판매업,"충청북도 청주시 흥덕구 2순환로 1256, 강서밀레니엄타워 4층 일부호 (강서동)",충청북도 청주시 흥덕구
20160425788,다다푸른영농조합법인,유통전문판매업,"충청북도 청주시 흥덕구 덕암로113번길 23, 3층 (봉명동)",충청북도 청주시 흥덕구
20170425263,유니웰(주),유통전문판매업,"충청북도 청주시 흥덕구 강내면 산단길 38, 1층",충청북도 청주시 흥덕구
20170425359,인삼열매유통공사(주),유통전문판매업,"충청북도 청주시 흥덕구 서현중로 60, 2동 (강서동)",충청북도 청주시 흥덕구
20170425946,농업회사법인 금성푸드(주),유통전문판매업,"충청북도 청주시 흥덕구 사운로374번길 8, 1층 일부호 (신봉동)",충청북도 청주시 흥덕구
20180434285,주식회사 브라더푸드,유통전문판매업,"충청북도 청주시 흥덕구 비하로15번길 9, 1층 (비하동)",충청북도 청주시 흥덕구
20180434434,에듀팜,유통전문판매업,"충청북도 청주시 흥덕구 강내면 청주역로 213-52, N동 1층 일부호",충청북도 청주시 흥덕구
20180434445,예지글로벌주식회사,유통전문판매업,"충청북도 청주시 흥덕구 월명로 212, 청주 파비뇽 아울렛 가동 A-150호 (봉명동)",충청북도 청주시 흥덕구
20180434483,권가제면소유통,유통전문판매업,"충청북도 청주시 흥덕구 흥덕로88번길 29, 1층 (운천동)",충청북도 청주시 흥덕구
20180434584,흥부베리팜,유통전문판매업,"충청북도 청주시 흥덕구 강내면 학천1길 23-10, 1층",충청북도 청주시 흥덕구
20180426344,태봉,유통전문판매업,"충청북도 청주시 흥덕구 강내면 월곡길 38, 충청대학 K동 2층 209호",충청북도 청주시 흥덕구
20180434910,(주)농업회사법인황실,유통전문판매업,"충청북도 청주시 흥덕구 강내면 덕촌미평길 36-27, 1층 일부호",충청북도 청주시 흥덕구
20180114690,(주)한세솔루션,유통전문판매업,"충청북도 청주시 흥덕구 오송읍 만수1길 40-13, 1층 102호",충청북도 청주시 흥덕구
20190434028,주식회사 디자인셀,유통전문판매업,"충청북도 청주시 흥덕구 공단로 134, 세중테크노밸리 지하1층 B101호 (송정동)",충청북도 청주시 흥덕구
20190434146,썬라이크,유통전문판매업,"충청북도 청주시 흥덕구 풍년로 77, 1층 (가경동)",충청북도 청주시 흥덕구
20190434339,당당한브로콜리새싹 파우치/환/과립,유통전문판매업,"충청북도 청주시 흥덕구 강내면 태성탑연로 377, 1층",충청북도 청주시 흥덕구
20190434345,(주)이연에프엔씨 오송공장,유통전문판매업,"충청북도 청주시 흥덕구 오송읍 오송생명14로 30, 오송바이오폴리스지구BT7-5 2층",충청북도 청주시 흥덕구
20190434364,삼랑유통,유통전문판매업,"충청북도 청주시 흥덕구 신율로103번길 5, 상가동 1층 1호일부호 (복대동)",충청북도 청주시 흥덕구
20190434385,에이티에스티엘,유통전문판매업,"충청북도 청주시 흥덕구 지동로 13, 삼일화물 제1동 1층 (지동동)",충청북도 청주시 흥덕구
20190434530,에이치디푸드(육수당),유통전문판매업,"충청북도 청주시 흥덕구 오송읍 오송생명14로 30, 1층",충청북도 청주시 흥덕구
20190434612,닥터해죽순,유통전문판매업,"충청북도 청주시 흥덕구 장구봉로29번길 15, 1층 (가경동)",충청북도 청주시 흥덕구
20190434689,가나안아로니아,유통전문판매업,"충청북도 청주시 흥덕구 풍산로128번길 17-1, 1층 (복대동)",충청북도 청주시 흥덕구
20190434692,더조은 유통,유통전문판매업,"충청북도 청주시 흥덕구 덕암로47번길 33, 1층 (봉명동)",충청북도 청주시 흥덕구
20190434882,대봉유통,유통전문판매업,"충청북도 청주시 흥덕구 서촌로 60, 동서화학 1층 일부호 (서촌동)",충청북도 청주시 흥덕구
20200434129,(사)대한잠사회,유통전문판매업,"충청북도 청주시 흥덕구 강내면 청주역로 213-52, N동 1층 일부호",충청북도 청주시 흥덕구
20200434214,주식회사 아이키디아,유통전문판매업,"충청북도 청주시 흥덕구 오송읍 오송생명5로 303, 601호",충청북도 청주시 흥덕구
20200434364,스윗랩스,유통전문판매업,"충청북도 청주시 흥덕구 신율로 114, 1층 일부호 (복대동)",충청북도 청주시 흥덕구
20200434439,마녀푸드,유통전문판매업,"충청북도 청주시 흥덕구 운천로4번길 22, 102호 (운천동)",충청북도 청주시 흥덕구
20200434485,농업회사법인 수향채산양삼 주식회사,유통전문판매업,"충청북도 청주시 흥덕구 봉명로191번길 3, 2층 (봉명동)",충청북도 청주시 흥덕구
20200434513,(주)스킨올코리아,유통전문판매업,"충청북도 청주시 흥덕구 직지대로 442, 904호 (송정동)",충청북도 청주시 흥덕구
20200434548,온유약품,유통전문판매업,"충청북도 청주시 흥덕구 오송읍 오송생명1로 194-41, 커뮤니케이션 및 벤처연구센터 6층 607호",충청북도 청주시 흥덕구
19970425084,(주)다농엘마트,기타식품판매업,"충청북도 청주시 흥덕구 백봉로 254, (봉명동,(1층))",충청북도 청주시 흥덕구
19990425237,롯데쇼핑(주)롯데마트청주점,기타식품판매업,"충청북도 청주시 흥덕구 풍산로 15, (가경동)",충청북도 청주시 흥덕구
20000425463,(주)GS리테일 봉명점,기타식품판매업,"충청북도 청주시 흥덕구 1순환로 576, (봉명동)",충청북도 청주시 흥덕구
20010425095,1004마트,기타식품판매업,"충청북도 청주시 흥덕구 옥산면 오송가락로 844, (외 1필지)",충청북도 청주시 흥덕구
20020425151,(주)금관유통,기타식품판매업,충청북도 청주시 흥덕구 강내면 태성탑연로 445,충청북도 청주시 흥덕구
20030425348,(주)천명유통,기타식품판매업,"충청북도 청주시 흥덕구 사운로 296, (운천동,외 1필지)",충청북도 청주시 흥덕구
20040425379,홈플러스(주)청주점,기타식품판매업,"충청북도 청주시 흥덕구 서부로 1291, (가경동,홈플러스청주가경점(1층))",충청북도 청주시 흥덕구
20050425449,할인마트의명가 서울유통,기타식품판매업,"충청북도 청주시 흥덕구 비하로 16, (비하동,(1층))",충청북도 청주시 흥덕구
20060425022,오송G마트,기타식품판매업,충청북도 청주시 흥덕구 오송읍 오송길 3,충청북도 청주시 흥덕구
20080425429,하모니마트,기타식품판매업,"충청북도 청주시 흥덕구 경산로 58-2, (가경동,(1층))",충청북도 청주시 흥덕구
20080425371,그랜드마트,기타식품판매업,충청북도 청주시 흥덕구 옥산면 청주역로 646-1,충청북도 청주시 흥덕구
20090425454,씨에스유통(주) 롯데슈퍼 복대점,기타식품판매업,"충청북도 청주시 흥덕구 진재로 90, (복대동,외 4필지(1층))",충청북도 청주시 흥덕구
20090425501,씨에스유통(주) 롯데슈퍼 강서점,기타식품판매업,"충청북도 청주시 흥덕구 서현동로 20, (강서동,(1층))",충청북도 청주시 흥덕구
20100425050,하모니마트,기타식품판매업,"충청북도 청주시 흥덕구 대신로 64, (복대동,(1층))",충청북도 청주시 흥덕구
20100425412,에이원마트(A1),기타식품판매업,"충청북도 청주시 흥덕구 가로수로1164번길 38, (강서동,외 3필지 (1층))",충청북도 청주시 흥덕구
20110425455,(주)드림마트,기타식품판매업,충청북도 청주시 흥덕구 오송읍 오송생명3로 65-18,충청북도 청주시 흥덕구
20120425388,현대백화점충청점,기타식품판매업,"충청북도 청주시 흥덕구 직지대로 308, (복대동, 현대백화점 충청점(지하1층))",충청북도 청주시 흥덕구
20120425625,대상(주)유통 청주점,기타식품판매업,"충청북도 청주시 흥덕구 덕암로113번길 13, (봉명동, (1층))",충청북도 청주시 흥덕구
20120425651,롯데쇼핑(주)롯데마트서청주점,기타식품판매업,"충청북도 청주시 흥덕구 2순환로 1004, 1층 (비하동)",충청북도 청주시 흥덕구
20120425089,강내농협 하나로마트,기타식품판매업,"충청북도 청주시 흥덕구 강내면 탑연월곡길 85-1, 1층",충청북도 청주시 흥덕구
20120425116,오송농협 하나로마트,기타식품판매업,충청북도 청주시 흥덕구 오송읍 오송생명로 206-7,충청북도 청주시 흥덕구
20130425150,홈마트,기타식품판매업,"충청북도 청주시 흥덕구 서현중로 31, (가경동, (1층))",충청북도 청주시 흥덕구
20130425342,(주)마트프렌즈,기타식품판매업,"충청북도 청주시 흥덕구 사직대로 14, (복대동, 금관빌딩(지하1층))",충청북도 청주시 흥덕구
20140425011,청주식자재마트,기타식품판매업,"충청북도 청주시 흥덕구 백봉로 255, 1층 (봉명동)",충청북도 청주시 흥덕구
20160425613,골드마트,기타식품판매업,"충청북도 청주시 흥덕구 가로수로1164번길 41-23, 1층 (강서동)",충청북도 청주시 흥덕구
20170425014,(주)주성마트,기타식품판매업,"충청북도 청주시 흥덕구 덕암로 39, 1층 (봉명동)",충청북도 청주시 흥덕구
20170425127,열린마트,기타식품판매업,"충청북도 청주시 흥덕구 사직대로 42-1, 2층 (복대동)",충청북도 청주시 흥덕구
20170425993,노브랜드 청주복대점,기타식품판매업,"충청북도 청주시 흥덕구 대농로 49, 에스와이스타몰 비동 1층 101호 (복대동)",충청북도 청주시 흥덕구
20180434700,플러스마트,기타식품판매업,"충청북도 청주시 흥덕구 송화로166번길 30, 1층 (송절동)",충청북도 청주시 흥덕구
20190434038,무심천유통,기타식품판매업,"충청북도 청주시 흥덕구 비하로9번길 31, 3동 1층 (비하동)",충청북도 청주시 흥덕구
20190434647,영마트,기타식품판매업,"충청북도 청주시 흥덕구 사운로324번길 9, 5동 1층 (신봉동)",충청북도 청주시 흥덕구
20190434686,주성마트,기타식품판매업,충청북도 청주시 흥덕구 옥산면 오송가락로 1071,충청북도 청주시 흥덕구
20190434764,NC청주점,기타식품판매업,"충청북도 청주시 흥덕구 2순환로 1233, 드림플러스 지하1층 (가경동)",충청북도 청주시 흥덕구
20200434596,장보고마트,기타식품판매업,"충청북도 청주시 흥덕구 죽천로118번길 22, 1층 (복대동)",충청북도 청주시 흥덕구
20080429226,미래유통,집단급식소식품판매업,"충청북도 청주시 청원구 토성로142번길 48, (정하동)",충청북도 청주시 청원구
20080429243,천일유통,집단급식소식품판매업,충청북도 청주시 청원구 오창읍 오창시내4길 8,충청북도 청주시 청원구
20080429249,로하스푸드 주식회사,집단급식소식품판매업,충청북도 청주시 청원구 북이면 장양길 90-41,충청북도 청주시 청원구
20080429381,부양유통,집단급식소식품판매업,충청북도 청주시 청원구 내수읍 마산5길 25-16,충청북도 청주시 청원구
20090429154,진그린푸드(주),집단급식소식품판매업,"충청북도 청주시 청원구 사천로152번길 61, (사천동, 1층)",충청북도 청주시 청원구
20090429265,오창농협청주친환경농산물유통센터,집단급식소식품판매업,충청북도 청주시 청원구 오창읍 오창대로 139,충청북도 청주시 청원구
20090429351,(주)그린하우스,집단급식소식품판매업,충청북도 청주시 청원구 북이면 용계내추로 154,충청북도 청주시 청원구
20130425457,(주)함께하는유래,집단급식소식품판매업,"충청북도 청주시 청원구 사뜸로52번길 12, 2층 202호 (율량동, 율량대창4차아파트상가)",충청북도 청주시 청원구
20150429064,빛고을급식,집단급식소식품판매업,"충청북도 청주시 청원구 오동로 84, 1동 1층 (오동동)",충청북도 청주시 청원구
20150429078,더좋은유통,집단급식소식품판매업,"충청북도 청주시 청원구 외평로 17, (외남동, 1층)",충청북도 청주시 청원구
20150429346,주식회사해림,집단급식소식품판매업,충청북도 청주시 청원구 내수읍 마산1길 58,충청북도 청주시 청원구
20170429360,"네이버푸드, 푸른촌",집단급식소식품판매업,"충청북도 청주시 청원구 교서로 158, 1층 (우암동)",충청북도 청주시 청원구
20180438524,농업회사법인대파농산(주),집단급식소식품판매업,"충청북도 청주시 청원구 오창읍 오창제방길 507, 부1동 1층",충청북도 청주시 청원구
20180438544,푸챔,집단급식소식품판매업,"충청북도 청주시 청원구 내수읍 내수학평길 9, 선우빌 1층",충청북도 청주시 청원구
20180430389,(주)신일푸드,집단급식소식품판매업,"충청북도 청주시 청원구 오창읍 중신1길 4, 1동",충청북도 청주시 청원구
20190438090,자연푸드,집단급식소식품판매업,"충청북도 청주시 청원구 내수읍 내수학평길 57, 1층",충청북도 청주시 청원구
20190438654,흙살림푸드,집단급식소식품판매업,"충청북도 청주시 청원구 북이면 대율다락말길 93-13, 농산물가공공장",충청북도 청주시 청원구
20190438676,(주)해림푸드,집단급식소식품판매업,"충청북도 청주시 청원구 내수읍 풍정2길 18, 1층",충청북도 청주시 청원구
20190438814,미앤미F&S,집단급식소식품판매업,"충청북도 청주시 청원구 오창읍 중부로 590-1, 1층",충청북도 청주시 청원구
20190438851,주식회사 제이와이식자재,집단급식소식품판매업,"충청북도 청주시 청원구 북이면 대율내추길 21, 가동 1층",충청북도 청주시 청원구
20200438210,(주)씨푸드,집단급식소식품판매업,충청북도 청주시 청원구 오창읍 신평중신1길 213,충청북도 청주시 청원구
20020429070,국제제과(주),유통전문판매업,충청북도 청주시 청원구 오창읍 과학산업3로 188,충청북도 청주시 청원구
20020429115,(주)엄마사랑,유통전문판매업,충청북도 청주시 청원구 오창읍 양청송대길 95,충청북도 청주시 청원구
20030429312,(주)씨비엔바이오텍,유통전문판매업,충청북도 청주시 청원구 오창읍 양청송대길 73,충청북도 청주시 청원구
20040429302,(주)네추럴에프앤피,유통전문판매업,충청북도 청주시 청원구 오창읍 양청송대길 39,충청북도 청주시 청원구
20040429461,주식회사 노바렉스,유통전문판매업,충청북도 청주시 청원구 오창읍 각리1길 94,충청북도 청주시 청원구
20060429055,(주)아하식품,유통전문판매업,충청북도 청주시 청원구 북이면 대율내추길 44,충청북도 청주시 청원구
20060429472,(주)녹십자,유통전문판매업,충청북도 청주시 청원구 오창읍 과학산업2로 586,충청북도 청주시 청원구
20070417288,(주)길성이,유통전문판매업,"충청북도 청주시 청원구 내수읍 초정약수로 484, 1동 1~2층",충청북도 청주시 청원구
20110429159,농업회사법인 흙살림푸드 주식회사,유통전문판매업,충청북도 청주시 청원구 북이면 팔결신대로 427,충청북도 청주시 청원구
20120429028,오창농협청주친환경농산물유통센터,유통전문판매업,"충청북도 청주시 청원구 오창읍 팔결로 704, 2층",충청북도 청주시 청원구
20120429044,(주)다시만난사람들,유통전문판매업,충청북도 청주시 청원구 내수읍 내수로 124-26,충청북도 청주시 청원구
20120429058,로하스푸드(주),유통전문판매업,충청북도 청주시 청원구 북이면 장양길 90-41,충청북도 청주시 청원구
20120429141,주식회사액트플러스,유통전문판매업,충청북도 청주시 청원구 북이면 신대석성로 120,충청북도 청주시 청원구
20120429147,(주)휴럼,유통전문판매업,"충청북도 청주시 청원구 오창읍 연구단지로 40, 생산동 101호 (충북테크노파크)",충청북도 청주시 청원구
20120429328,농업회사법인 자연드림(주),유통전문판매업,"충청북도 청주시 청원구 오창읍 연구단지로 76, 419호 (충북테크노파크 미래융합관)",충청북도 청주시 청원구
20120425542,(주)델리퀸,유통전문판매업,"충청북도 청주시 청원구 오창읍 중부로 1555, 1층",충청북도 청주시 청원구
20150429126,선유통,유통전문판매업,충청북도 청주시 청원구 북이면 토성1길 62-25,충청북도 청주시 청원구
20150429436,(주)팜스코푸드,유통전문판매업,"충청북도 청주시 청원구 북이면 내둔길 27, (2동)",충청북도 청주시 청원구
20150442089,어깨동무 협동조합,유통전문판매업,"충청북도 청주시 청원구 무심동로 636, 3층 (내덕동)",충청북도 청주시 청원구
20150442029,주식회사 하람,유통전문판매업,충청북도 청주시 청원구 오창읍 두릉유리로 51-6,충청북도 청주시 청원구
20160429403,농업회사법인 자연을벗삼아(주),유통전문판매업,"충청북도 청주시 청원구 오창읍 오창시내3길 13, 1층",충청북도 청주시 청원구
20160429691,농업회사법인다비치농산(주),유통전문판매업,"충청북도 청주시 청원구 오창읍 중심상업로 14, 1층 106호 (대운프라자)",충청북도 청주시 청원구
20170445356,대성FS,유통전문판매업,"충청북도 청주시 청원구 오창읍 복현1길 20-8, 1,2층",충청북도 청주시 청원구
20180438001,제이씨엘바이오,유통전문판매업,"충청북도 청주시 청원구 오창읍 양청3길 3, 2층 201호",충청북도 청주시 청원구
20180438103,부부리블루베리,유통전문판매업,"충청북도 청주시 청원구 오창읍 탑기암길 28-7, 영푸드홀딩스, 1층, 2층일부",충청북도 청주시 청원구
20180438121,삼산농원,유통전문판매업,"충청북도 청주시 청원구 교서로 190, 1층 (우암동)",충청북도 청주시 청원구
20180438184,충청곤충산업협동조합,유통전문판매업,"충청북도 청주시 청원구 교서로 109-2, 2층 (우암동)",충청북도 청주시 청원구
20180438217,오디You&멀리커피,유통전문판매업,"충청북도 청주시 청원구 외남로69번길 63, 1층 (외남동)",충청북도 청주시 청원구
20180438272,공항딸기유통,유통전문판매업,"충청북도 청주시 청원구 북이면 장양2길 93, A,B동 1층",충청북도 청주시 청원구
20190438004,조에라이프엘림영농조합법인,유통전문판매업,"충청북도 청주시 청원구 공항로150번길 76-6, 1층 (율량동)",충청북도 청주시 청원구
20190438010,청원생명발효가공,유통전문판매업,"충청북도 청주시 청원구 내수읍 세교2길 106, 1층",충청북도 청주시 청원구
20190438264,제이에이치컴퍼니,유통전문판매업,"충청북도 청주시 청원구 오창읍 중신길 6, 2층 201호",충청북도 청주시 청원구
20190438435,리버베리,유통전문판매업,"충청북도 청주시 청원구 율봉로159번길 73-1, 2층 216호 (율량동)",충청북도 청주시 청원구
20190438450,몸엔용바이오 농업회사법인(주),유통전문판매업,"충청북도 청주시 청원구 북이면 석성한천길 35-177, 1층",충청북도 청주시 청원구
20190438677,주식회사 대호,유통전문판매업,"충청북도 청주시 청원구 오창읍 원리여천길 34, 1층",충청북도 청주시 청원구
20190438782,한상황,유통전문판매업,"충청북도 청주시 청원구 율봉로 14, 지하1층 (사천동)",충청북도 청주시 청원구
20200438019,피엔에이바이오,유통전문판매업,"충청북도 청주시 청원구 오창읍 오창중앙로 27, 207(일부)호 (코아루아파트)",충청북도 청주시 청원구
20200438060,(주)여울에프에스,유통전문판매업,충청북도 청주시 청원구 오창읍 모정길 21,충청북도 청주시 청원구
20200438067,조은콩식품,유통전문판매업,충청북도 청주시 청원구 내수읍 내수제방길 8,충청북도 청주시 청원구
20200438112,봄나래,유통전문판매업,"충청북도 청주시 청원구 율봉로159번길 73-1, 210호 (율량동)",충청북도 청주시 청원구
20200438179,내수농업협동조합,유통전문판매업,"충청북도 청주시 청원구 내수읍 풍정길 27, 1,2층",충청북도 청주시 청원구
20200438295,빛고을급식,유통전문판매업,"충청북도 청주시 청원구 오동로 84, 1동 (오동동)",충청북도 청주시 청원구
20200438355,더푸름,유통전문판매업,"충청북도 청주시 청원구 오창읍 중신길 6, 1층 (일부)호",충청북도 청주시 청원구
19960429166,무심천유통,기타식품판매업,"충청북도 청주시 청원구 내덕로7번길 41, (내덕동)",충청북도 청주시 청원구
19980429102,롯데쇼핑(주)롯데슈퍼율량점,기타식품판매업,"충청북도 청주시 청원구 율봉로 169, (율량동)",충청북도 청주시 청원구
20010429090,대농마트,기타식품판매업,충청북도 청주시 청원구 오창읍 화복로 433-3,충청북도 청주시 청원구
20010429238,홈마트,기타식품판매업,충청북도 청주시 청원구 내수읍 청암로 56,충청북도 청주시 청원구
20030429180,그린프라자,기타식품판매업,"충청북도 청주시 청원구 율봉로94번길 9, (율량동)",충청북도 청주시 청원구
20030429021,1004마트,기타식품판매업,충청북도 청주시 청원구 내수읍 내수로 704,충청북도 청주시 청원구
20030429333,내수농협하나로마트,기타식품판매업,충청북도 청주시 청원구 내수읍 마산1길 72,충청북도 청주시 청원구
20060429124,홈플러스주식회사동청주점,기타식품판매업,"충청북도 청주시 청원구 충청대로 114, (율량동)",충청북도 청주시 청원구
20060429152,발해유통(주),기타식품판매업,충청북도 청주시 청원구 오창읍 과학산업5로 108-15,충청북도 청주시 청원구
20070429012,(주)지에스리테일 GS수퍼 청주율량점,기타식품판매업,"충청북도 청주시 청원구 율봉로 131, (율량동,(1층))",충청북도 청주시 청원구
20070429425,그린마트,기타식품판매업,"충청북도 청주시 청원구 내수읍 내수로 636, 1층",충청북도 청주시 청원구
20080429007,(주)농협충북유통하나로율량점,기타식품판매업,"충청북도 청주시 청원구 사뜸로61번길 52-1, (율량동,(1층))",충청북도 청주시 청원구
20080429258,홈플러스(주)오창점,기타식품판매업,"충청북도 청주시 청원구 오창읍 중심상업1로 8-11, (홈플러스 오창점 지하1층)",충청북도 청주시 청원구
20110429047,1004마트블랙마켓율량점,기타식품판매업,"충청북도 청주시 청원구 사뜸로 4, (내덕동,(1층))",충청북도 청주시 청원구
20140429155,청주할인마트,기타식품판매업,"충청북도 청주시 청원구 주성로233번길 16-28, (주중동, 1층)",충청북도 청주시 청원구
20140429059,다농마트,기타식품판매업,충청북도 청주시 청원구 오창읍 중심상업1로 72,충청북도 청주시 청원구
20140429326,(주)이마트에브리데이충북오창점,기타식품판매업,"충청북도 청주시 청원구 오창읍 과학산업3로 202-3, (1~2)",충청북도 청주시 청원구
20150429280,하모니마트(청원점),기타식품판매업,"충청북도 청주시 청원구 오창읍 주성1길 18-6, 1층",충청북도 청주시 청원구
20150429524,주공할인마트,기타식품판매업,"충청북도 청주시 청원구 율량로 16, 1~2층 (주중동)",충청북도 청주시 청원구
20150429525,GS수퍼마켓주성점,기타식품판매업,"충청북도 청주시 청원구 주성로279번길 17, 101호 (주성동)",충청북도 청주시 청원구
20160429320,(주)오창태전마트,기타식품판매업,충청북도 청주시 청원구 오창읍 공항로 1029,충청북도 청주시 청원구
20160429481,오창농협 하나로마트,기타식품판매업,충청북도 청주시 청원구 오창읍 양청송대길 240,충청북도 청주시 청원구
20160429695,홈마트사천점,기타식품판매업,"충청북도 청주시 청원구 율봉로 54, 1층 (사천동)",충청북도 청주시 청원구
20170429043,동아식자재마트,기타식품판매업,"충청북도 청주시 청원구 율봉로94번길 34, 1층 (율량동)",충청북도 청주시 청원구
20170429229,노브랜드청주사천점,기타식품판매업,"충청북도 청주시 청원구 새터로 182, 1~2층 (사천동)",충청북도 청주시 청원구
20180438104,K마트오창점,기타식품판매업,"충청북도 청주시 청원구 오창읍 구룡4길 18-4, 1층",충청북도 청주시 청원구
20190438200,우성마트,기타식품판매업,"충청북도 청주시 청원구 향군로 106, 1층 (우암동)",충청북도 청주시 청원구
20190438298,크로바할인마트,기타식품판매업,"충청북도 청주시 청원구 주성로 97, 1층 (율량동)",충청북도 청주시 청원구
20190438452,(주)오창할인마트,기타식품판매업,"충청북도 청주시 청원구 오창읍 공항로 1033-23, 지하1층",충청북도 청주시 청원구
20190438590,주식회사 마이,기타식품판매업,충청북도 청주시 청원구 오창읍 중심상업로 66-5,충청북도 청주시 청원구
20190438663,1004마트,기타식품판매업,"충청북도 청주시 청원구 중앙로 207, 1층 (내덕동)",충청북도 청주시 청원구
20190438701,(주)코러스미트,기타식품판매업,"충청북도 청주시 청원구 오창읍 중심상업1로 8-34, 1층",충청북도 청주시 청원구
20200438172,자연애마트,기타식품판매업,"충청북도 청주시 청원구 안덕벌로 64-1, 1층 (내덕동)",충청북도 청주시 청원구
20200438262,장보고마트,기타식품판매업,"충청북도 청주시 청원구 주성로 230, 1층 (율량동)",충청북도 청주시 청원구
20080421146,대성NHF,집단급식소식품판매업,"충청북도 청주시 서원구 대림로421번길 34-19, (죽림동, (1층))",충청북도 청주시 서원구
20080421220,청솔상회,집단급식소식품판매업,"충청북도 청주시 서원구 수곡로27번길 20, (수곡동,(1층))",충청북도 청주시 서원구
20080421241,대진유통,집단급식소식품판매업,"충청북도 청주시 서원구 천석로35번길 42, (사창동,(1층))",충청북도 청주시 서원구
20080421332,(주)청주특판,집단급식소식품판매업,"충청북도 청주시 서원구 성화로40번길 8, (성화동,(1층))",충청북도 청주시 서원구
20080421140,한국씨엔에프,집단급식소식품판매업,"충청북도 청주시 서원구 남이면 남석로 463, 1층",충청북도 청주시 서원구
20080425286,영농조합법인푸드글로리,집단급식소식품판매업,"충청북도 청주시 서원구 2순환로1814번길 68-1, 1층 (장성동)",충청북도 청주시 서원구
20080417307,평남유통,집단급식소식품판매업,"충청북도 청주시 서원구 청남로1887번길 29, 1층 (미평동)",충청북도 청주시 서원구
20090421246,명성FS,집단급식소식품판매업,"충청북도 청주시 서원구 흥덕로 34-1, (사직동,(1층))",충청북도 청주시 서원구
20100421373,(주)성운에프에스,집단급식소식품판매업,"충청북도 청주시 서원구 2순환로1814번길 81, (장성동, (1,2층))",충청북도 청주시 서원구
20110421131,농업회사법인 청원씨엔에프(주),집단급식소식품판매업,충청북도 청주시 서원구 남이면 석실5길 40,충청북도 청주시 서원구
20120421309,원푸드,집단급식소식품판매업,"충청북도 청주시 서원구 성화로40번길 8, (성화동, (1층))",충청북도 청주시 서원구
20120425483,드림푸드,집단급식소식품판매업,"충청북도 청주시 서원구 2순환로1814번길 68, 1층 (장성동)",충청북도 청주시 서원구
20160421291,남돈유통,집단급식소식품판매업,"충청북도 청주시 서원구 남이면 청남로 1221, 1층",충청북도 청주시 서원구
20170421166,주식회사 더웰상사,집단급식소식품판매업,"충청북도 청주시 서원구 남이면 대림로 324-6, 지하1층",충청북도 청주시 서원구
20180430211,참사랑베이커리,집단급식소식품판매업,"충청북도 청주시 서원구 1순환로 1104, 1층 (분평동)",충청북도 청주시 서원구
20180430275,서울상회,집단급식소식품판매업,"충청북도 청주시 서원구 남이면 양촌1길 34-16, 1층",충청북도 청주시 서원구
20180430276,주식회사 청원오가닉,집단급식소식품판매업,"충청북도 청주시 서원구 남이면 남석로 104-19, 1층",충청북도 청주시 서원구
20190430038,가우리,집단급식소식품판매업,"충청북도 청주시 서원구 2순환로1814번길 81, 1,2층 일부호 (장성동)",충청북도 청주시 서원구
20190430618,달콤베리,집단급식소식품판매업,"충청북도 청주시 서원구 성봉로 226-19, 1층 (개신동)",충청북도 청주시 서원구
20200430074,아임푸드,집단급식소식품판매업,"충청북도 청주시 서원구 내수동로108번길 40, 4층 (사창동)",충청북도 청주시 서원구
20200430088,아이랑,집단급식소식품판매업,"충청북도 청주시 서원구 남이면 남석로 463, 2층",충청북도 청주시 서원구
19990421166,(주)보성식품,유통전문판매업,충청북도 청주시 서원구 남이면 남이외천길 39-14,충청북도 청주시 서원구
20060421291,미화합동판매(주),유통전문판매업,"충청북도 청주시 서원구 궁뜰로62번길 3, 1층 (장성동)",충청북도 청주시 서원구
20060421354,영남물엿,유통전문판매업,"충청북도 청주시 서원구 산미로 25, (미평동,(1층))",충청북도 청주시 서원구
20110421199,(주)상수허브랜드,유통전문판매업,충청북도 청주시 서원구 남이면 부용외천길 18,충청북도 청주시 서원구
20110425180,대도실업,유통전문판매업,"충청북도 청주시 서원구 남이면 가마3길 18, 1층 (주1동)",충청북도 청주시 서원구
20120445222,(주)지엘모아,유통전문판매업,"충청북도 청주시 서원구 무심서로 377-3, 2층 (모충동, 서원대학교 산학협력관 202호)",충청북도 청주시 서원구
20130421419,주식회사춤추는북카페,유통전문판매업,"충청북도 청주시 서원구 1순환로 717, (사창동, (2층))",충청북도 청주시 서원구
20140421170,CM푸드,유통전문판매업,"충청북도 청주시 서원구 가장로355번길 105, 2층 (장암동)",충청북도 청주시 서원구
20140421109,농업회사법인유한회사광복,유통전문판매업,"충청북도 청주시 서원구 남이면 연청로 1365, 2층 (3동)",충청북도 청주시 서원구
20140421108,농업회사법인 주식회사 청그루,유통전문판매업,"충청북도 청주시 서원구 남이면 연청로 1365, 2층 (3동)",충청북도 청주시 서원구
20150421019,아이프랜드,유통전문판매업,"충청북도 청주시 서원구 남이면 2순환로 1704, 2층",충청북도 청주시 서원구
20150421092,청주가톨릭농민회,유통전문판매업,"충청북도 청주시 서원구 두꺼비로60번길 25-2, 1층 (산남동)",충청북도 청주시 서원구
20150421195,농업회사법인(주) 레스베라,유통전문판매업,"충청북도 청주시 서원구 남이면 양촌1길 34-13, 1층",충청북도 청주시 서원구
20150421229,서울상회,유통전문판매업,"충청북도 청주시 서원구 남이면 양촌1길 34-16, 1층",충청북도 청주시 서원구
20150417418,썸&썸,유통전문판매업,"충청북도 청주시 서원구 신성화로 35, 1층 101호 (성화동)",충청북도 청주시 서원구
20170421038,옛맛지기,유통전문판매업,"충청북도 청주시 서원구 남이면 척산2길 15, 1층",충청북도 청주시 서원구
20170421140,커피블루,유통전문판매업,"충청북도 청주시 서원구 예체로1번길 2, 1층 (개신동)",충청북도 청주시 서원구
20170421197,청원홍삼원,유통전문판매업,"충청북도 청주시 서원구 남이면 저산척북로 636-30, 남이수정상가동 204, 205호",충청북도 청주시 서원구
20170421229,카리스푸드엔코,유통전문판매업,"충청북도 청주시 서원구 남이면 남이가좌1길 41-58, 1층 (주건축물제2동)",충청북도 청주시 서원구
20170421366,(주)라파네이처,유통전문판매업,"충청북도 청주시 서원구 예체로 23, 4층 403호 (개신동)",충청북도 청주시 서원구
20170106819,네이처스파인,유통전문판매업,"충청북도 청주시 서원구 사운로112번길 4, 1층 (사직동)",충청북도 청주시 서원구
20170421570,농업회사법인 하림충북유통(주),유통전문판매업,"충청북도 청주시 서원구 남이면 청남로 1388-42, 1층",충청북도 청주시 서원구
20170108126,(주)금탑에프앤비,유통전문판매업,"충청북도 청주시 서원구 2순환로 1474, 3층 (죽림동)",충청북도 청주시 서원구
20170242417,(주)빅원,유통전문판매업,"충청북도 청주시 서원구 현도면 선동2길 232-13, 1,2층",충청북도 청주시 서원구
20180430047,타치온골드,유통전문판매업,"충청북도 청주시 서원구 산미로 150, 2층 201호 (산남동)",충청북도 청주시 서원구
20180430057,삼부자네 숏다리와뚱문어,유통전문판매업,"충청북도 청주시 서원구 1순환로739번길 16, 1층 (개신동)",충청북도 청주시 서원구
20180430113,밀리코리아,유통전문판매업,"충청북도 청주시 서원구 현도면 죽전길 54, 1층",충청북도 청주시 서원구
20180430153,농업회사법인조은식품주식회사,유통전문판매업,"충청북도 청주시 서원구 현도면 죽암도원로 23, ㈜조은식품",충청북도 청주시 서원구
20180430237,(주)멕시카나,유통전문판매업,"충청북도 청주시 서원구 남이면 청남로 1052, 1동 1층",충청북도 청주시 서원구
20180430386,플랜에이(A)컴퍼니,유통전문판매업,"충청북도 청주시 서원구 충대로 1, 충북대학교 농업전문창업보육센터 S21-1동 1층 104호 (개신동)",충청북도 청주시 서원구
20180430471,리얼홈즈,유통전문판매업,"충청북도 청주시 서원구 산미로 79, 1층 (미평동)",충청북도 청주시 서원구
20190430062,오공스,유통전문판매업,"충청북도 청주시 서원구 청남로2104번길 22, 1층 (수곡동)",충청북도 청주시 서원구
20190430097,(주)하꼬호꼬,유통전문판매업,"충청북도 청주시 서원구 남이면 남석로 57, 1층",충청북도 청주시 서원구
20190430322,자농,유통전문판매업,"충청북도 청주시 서원구 매봉로189번길 35, 1층 (모충동)",충청북도 청주시 서원구
20190430404,한성월드,유통전문판매업,"충청북도 청주시 서원구 현도면 죽암도원로 175, 주2동 1층",충청북도 청주시 서원구
20190430521,자연맛드림영농회사,유통전문판매업,"충청북도 청주시 서원구 남이면 외천척산길 52-17, 2층",충청북도 청주시 서원구
20190430554,79대포 전용유,유통전문판매업,"충청북도 청주시 서원구 장전로12번길 33, 401,402호 (성화동)",충청북도 청주시 서원구
20190430595,주식회사 에스하우스,유통전문판매업,"충청북도 청주시 서원구 내수동로108번길 40, 4층 (사창동)",충청북도 청주시 서원구
20200430113,케이와이푸드 주식회사,유통전문판매업,"충청북도 청주시 서원구 남이면 청남로 1052, 주3동 1층",충청북도 청주시 서원구
20200430204,(주)진원푸드,유통전문판매업,"충청북도 청주시 서원구 장전로12번길 10, 4층 (성화동)",충청북도 청주시 서원구
20200430269,하늘유통,유통전문판매업,"충청북도 청주시 서원구 두꺼비로70번길 80, 1층 (산남동, 원흥빌)",충청북도 청주시 서원구
20200430279,화인진생에프티,유통전문판매업,"충청북도 청주시 서원구 구룡산로52번길 51, 상가동 103호 (성화동, 다안채6단지아파트)",충청북도 청주시 서원구
19970421055,(주)이마트에브리데이 모충동점,기타식품판매업,"충청북도 청주시 서원구 남들로 44, (모충동)",충청북도 청주시 서원구
19970421061,(주)GS리테일 청주점,기타식품판매업,"충청북도 청주시 서원구 구룡산로 242, (수곡동)",충청북도 청주시 서원구
19980421107,(주)이마트청주점슈퍼,기타식품판매업,"충청북도 청주시 서원구 청남로 1853, (미평동)",충청북도 청주시 서원구
20030421183,(주)농협충북유통하나로클럽분평점,기타식품판매업,"충청북도 청주시 서원구 분평로 26, (분평동,(1층))",충청북도 청주시 서원구
20030421443,하모니마트,기타식품판매업,"충청북도 청주시 서원구 신율로 49, 레몬타워상가 1층 (개신동)",충청북도 청주시 서원구
20030421444,천사마트 수곡점,기타식품판매업,"충청북도 청주시 서원구 수영로 54, (수곡동,(1층))",충청북도 청주시 서원구
20070421031,(주)우리유통,기타식품판매업,"충청북도 청주시 서원구 쌍샘로 109, (모충동,외 2필지(1층))",충청북도 청주시 서원구
20090421114,1004마트산남점,기타식품판매업,"충청북도 청주시 서원구 원흥로 17, 리더스타운 1층 104호~108호 (산남동)",충청북도 청주시 서원구
20090421180,홈플러스(주)익스프레스청주개신점,기타식품판매업,"충청북도 청주시 서원구 경신로 45, 1층 (개신동)",충청북도 청주시 서원구
20090421326,(주)농협충북유통하나로클럽산남점,기타식품판매업,"충청북도 청주시 서원구 산남로 12, (산남동,(1층))",충청북도 청주시 서원구
20090421481,하모니마트(산남점),기타식품판매업,"충청북도 청주시 서원구 두꺼비로78번길 12, (산남동,(1층))",충청북도 청주시 서원구
20100421220,GS수퍼마켓 사직점,기타식품판매업,"충청북도 청주시 서원구 창직로55번길 7, 1층 (사창동)",충청북도 청주시 서원구
20100421336,우리마트,기타식품판매업,"충청북도 청주시 서원구 창직로 33, 1층 (사창동)",충청북도 청주시 서원구
20100421379,하모니마트 수곡점,기타식품판매업,"충청북도 청주시 서원구 청남로2104번길 27, (수곡동,(1층))",충청북도 청주시 서원구
20100421431,영마트 분평점,기타식품판매업,"충청북도 청주시 서원구 매봉로12번길 2, 1층 (분평동)",충청북도 청주시 서원구
20120421111,천사(1004)마트,기타식품판매업,"충청북도 청주시 서원구 모충로12번길 9-13, 한사랑아파트상가동 8,9,10호 (개신동)",충청북도 청주시 서원구
20130421134,(주)원유통,기타식품판매업,"충청북도 청주시 서원구 1순환로1063번길 61-30, 1층 (분평동)",충청북도 청주시 서원구
20140421065,주식회사 다산,기타식품판매업,"충청북도 청주시 서원구 성봉로 178, 1층 (개신동)",충청북도 청주시 서원구
20150421024,(주)농심가4호점,기타식품판매업,"충청북도 청주시 서원구 청남로2005번길 48, 1층 (분평동)",충청북도 청주시 서원구
20150421098,병운할인마트(공산.신선),기타식품판매업,"충청북도 청주시 서원구 사직대로265번길 16, 1층 (사직동)",충청북도 청주시 서원구
20180430360,GS슈퍼마켓(성화점),기타식품판매업,"충청북도 청주시 서원구 신화로36번길 14, 1층 (성화동)",충청북도 청주시 서원구
20190430443,열린마트,기타식품판매업,"충청북도 청주시 서원구 예체로 23, 개신동 상원빌딩 1층 (개신동)",충청북도 청주시 서원구
20200430146,성화마트,기타식품판매업,"충청북도 청주시 서원구 장전로12번길 5, 1층 (성화동)",충청북도 청주시 서원구
20080417305,복지농산,집단급식소식품판매업,"충청북도 청주시 상당구 용암로 74-13, (용암동,(1층))",충청북도 청주시 상당구
20080417330,일신상회,집단급식소식품판매업,충청북도 청주시 상당구 문의면 문의시내로 48-1,충청북도 청주시 상당구
20110417154,명가식품 청주센타,집단급식소식품판매업,"충청북도 청주시 상당구 단재로 119, (영운동,(1층))",충청북도 청주시 상당구
20140417181,(주)농협충북유통,집단급식소식품판매업,"충청북도 청주시 상당구 무농정로 32, (방서동)",충청북도 청주시 상당구
20170417255,남양유통(청주동부키즈),집단급식소식품판매업,"충청북도 청주시 상당구 당산로 55, 3동 1층 (용담동)",충청북도 청주시 상당구
20170421264,청주서부키즈,집단급식소식품판매업,"충청북도 청주시 상당구 무농정로31번길 22, 1층 (용암동)",충청북도 청주시 상당구
20180426350,(주)떡과풍경,집단급식소식품판매업,"충청북도 청주시 상당구 문의면 남계3길 22, 2동 1층",충청북도 청주시 상당구
20180426423,다온유통,집단급식소식품판매업,"충청북도 청주시 상당구 용암로99번길 12, 1층 (용암동)",충청북도 청주시 상당구
20190430064,서원푸드,집단급식소식품판매업,"충청북도 청주시 상당구 영운천로133번길 28, 지하1층 (용정동)",충청북도 청주시 상당구
20070417462,(주)농협충북유통,유통전문판매업,"충청북도 청주시 상당구 무농정로 32, 1층 (방서동)",충청북도 청주시 상당구
20070417069,에스에이치푸드,유통전문판매업,충청북도 청주시 상당구 가덕면 삼항추뜸길 39-1,충청북도 청주시 상당구
20090417378,사회적기업희망그린마을,유통전문판매업,"충청북도 청주시 상당구 무심동로282번길 8, (석교동,1층)",충청북도 청주시 상당구
20130417205,민강주식회사,유통전문판매업,"충청북도 청주시 상당구 남사로 73-11, (서문동, B동 14호)",충청북도 청주시 상당구
20150417066,숫총각,유통전문판매업,"충청북도 청주시 상당구 낙영로 31-1, 1층 (용암동)",충청북도 청주시 상당구
20150417324,주식회사루앤비,유통전문판매업,"충청북도 청주시 상당구 사직대로 360-1, 2층 (서문동)",충청북도 청주시 상당구
20150417344,줌마푸드,유통전문판매업,"충청북도 청주시 상당구 용암로 94, 1층 (용암동)",충청북도 청주시 상당구
20160417423,농업회사법인더블유엘티글로벌주식회사,유통전문판매업,"충청북도 청주시 상당구 사직대로361번길 54-1, 2층 (북문로2가)",충청북도 청주시 상당구
20170417423,하늘농부,유통전문판매업,"충청북도 청주시 상당구 꽃산서로8번길 70-2, 1층 (금천동)",충청북도 청주시 상당구
20180426044,햇살로과수원,유통전문판매업,"충청북도 청주시 상당구 사직대로 368, 3층 (북문로1가)",충청북도 청주시 상당구
20180426048,농업회사법인대한곤충산업(주),유통전문판매업,"충청북도 청주시 상당구 월평로 249, 부영아파트 상가동 205호 (용암동)",충청북도 청주시 상당구
20180426181,흙고을농장,유통전문판매업,"충청북도 청주시 상당구 무농정로2번길 45, 1층 (용암동)",충청북도 청주시 상당구
20180426230,영농조합법인청주시아로니아,유통전문판매업,"충청북도 청주시 상당구 미원면 기암구말길 103-8, 1층",충청북도 청주시 상당구
20180426311,미원사과영농조합,유통전문판매업,"충청북도 청주시 상당구 낭성면 단재로 1619-20, 1층",충청북도 청주시 상당구
20180426358,자연건강나라,유통전문판매업,"충청북도 청주시 상당구 용암로 84, 1층 (용암동)",충청북도 청주시 상당구
20180426368,가덕아로니아,유통전문판매업,"충청북도 청주시 상당구 가덕면 인차시동로 175, 1층",충청북도 청주시 상당구
20180426511,농업회사법인(주)애쁘르팜,유통전문판매업,"충청북도 청주시 상당구 미원면 어암2길 28, 주3동 1층",충청북도 청주시 상당구
20190426285,베러초이스,유통전문판매업,"충청북도 청주시 상당구 1순환로1594번길 56-2, 1층 (용정동)",충청북도 청주시 상당구
20190426302,바코드커피컴퍼니,유통전문판매업,"충청북도 청주시 상당구 용암북로138번길 18-1, 4층 (용암동)",충청북도 청주시 상당구
20190426385,올리브푸드,유통전문판매업,"충청북도 청주시 상당구 용암로103번길 32, 1층 (용암동)",충청북도 청주시 상당구
20190426446,백민구절초연구소,유통전문판매업,"충청북도 청주시 상당구 문의면 문의시내2길 15-9, 부2동 1층",충청북도 청주시 상당구
20190426550,(주)영진에프앤비,유통전문판매업,"충청북도 청주시 상당구 무심동로302번길 34, 1층 (남주동)",충청북도 청주시 상당구
20190426563,청주배연구회영농조합법인,유통전문판매업,"충청북도 청주시 상당구 남일면 은행상야로 213, 1~2층",충청북도 청주시 상당구
20200426004,다후바이오,유통전문판매업,"충청북도 청주시 상당구 월평로 152, 2층 201호 (용암동)",충청북도 청주시 상당구
20200426133,농업회사법인주식회사오누이,유통전문판매업,"충청북도 청주시 상당구 교서로 8-2, 3층 (영동)",충청북도 청주시 상당구
20200426142,평화국수,유통전문판매업,"충청북도 청주시 상당구 청남로2184번길 1, 1층 (석교동)",충청북도 청주시 상당구
20200426184,브라운푸드,유통전문판매업,"충청북도 청주시 상당구 무심동로302번길 10, 1층 (남주동)",충청북도 청주시 상당구
20200426259,명가오향족발,유통전문판매업,"충청북도 청주시 상당구 호미로165번길 46, 1층 (용암동)",충청북도 청주시 상당구
19960417060,청주농업협동조합,기타식품판매업,"충청북도 청주시 상당구 1순환로 1265, 1층 (용암동, 청주농협A동)",충청북도 청주시 상당구
19980417353,(주)농협충북유통,기타식품판매업,"충청북도 청주시 상당구 무농정로 32, (방서동)",충청북도 청주시 상당구
19990417144,희망마트,기타식품판매업,"충청북도 청주시 상당구 쇠내로 149, (영운동, 1층)",충청북도 청주시 상당구
20020417158,롯데쇼핑(주)롯데슈퍼금천점,기타식품판매업,"충청북도 청주시 상당구 수영로 265, (금천동)",충청북도 청주시 상당구
20020417325,롯데쇼핑(주)롯데마트상당점,기타식품판매업,"충청북도 청주시 상당구 용암북로160번길 60, (용암동)",충청북도 청주시 상당구
20020417494,홈플러스(주)청주성안점,기타식품판매업,"충청북도 청주시 상당구 사직대로 346, (서문동)",충청북도 청주시 상당구
20030417310,D-마트,기타식품판매업,충청북도 청주시 상당구 미원면 미원시내2길 10,충청북도 청주시 상당구
20040417026,삼창마트,기타식품판매업,충청북도 청주시 상당구 미원면 미원시내2길 21-1,충청북도 청주시 상당구
20060417025,(주)지에스리테일GS수퍼청주용담점,기타식품판매업,"충청북도 청주시 상당구 산성로116번길 44, (용담동)",충청북도 청주시 상당구
20070417046,(주)이마트에브리데이탑동점,기타식품판매업,"충청북도 청주시 상당구 용담로82번길 16, (탑동)",충청북도 청주시 상당구
20080417228,제이마트(J마트),기타식품판매업,충청북도 청주시 상당구 영운동 81번지 16호 (1층),충청북도 청주시 상당구
20100417014,청남농협하나로마트,기타식품판매업,충청북도 청주시 상당구 남일면 단재로 461,충청북도 청주시 상당구
20110417023,케이(K)마트,기타식품판매업,"충청북도 청주시 상당구 단재로 123, (영운동,(1층))",충청북도 청주시 상당구
20110417388,하모니마트청주금천점,기타식품판매업,"충청북도 청주시 상당구 쇠내로 119, (금천동)",충청북도 청주시 상당구
20130417044,(주)피에이치클럽 토마토슈퍼마켓,기타식품판매업,"충청북도 청주시 상당구 낙영로24번길 5, (용암동, 1층)",충청북도 청주시 상당구
20130417148,아이마트,기타식품판매업,"충청북도 청주시 상당구 교동로 165, (용담동)",충청북도 청주시 상당구
20170417239,삼보홈마트,기타식품판매업,"충청북도 청주시 상당구 중고개로215번길 25, 1층 (용정동)",충청북도 청주시 상당구
20170417263,늘푸른할인마트,기타식품판매업,"충청북도 청주시 상당구 호미로202번길 5, 1층 (용정동)",충청북도 청주시 상당구
20170417395,동청주농협하나로마트,기타식품판매업,"충청북도 청주시 상당구 미원면 단재로 2435, 1층",충청북도 청주시 상당구
20170417546,(주)농협충북유통하나로마트용정점,기타식품판매업,"충청북도 청주시 상당구 용정로28번길 5, 1층 (용정동)",충청북도 청주시 상당구
20180426196,제이마트(금천점),기타식품판매업,"충청북도 청주시 상당구 수영로218번길 3, 1층 (금천동)",충청북도 청주시 상당구
20190426084,토마토금천점,기타식품판매업,"충청북도 청주시 상당구 중고개로 279, 1층 (금천동)",충청북도 청주시 상당구
20190426158,GS수퍼청주센트럴자이점,기타식품판매업,"충청북도 청주시 상당구 단재로 316, 상가동2동 1층 102~105호 (방서동, 청주센트럴자이)",충청북도 청주시 상당구
20080443102,기현이네식품공판장,집단급식소식품판매업,충청북도 진천군 광혜원면 중리1길 7,충청북도 진천군
20080443108,재원식품,집단급식소식품판매업,충청북도 진천군 진천읍 중앙동6길 3,충청북도 진천군
20080443124,광성상회,집단급식소식품판매업,충청북도 진천군 광혜원면 장기3길 7-1,충청북도 진천군
20120443016,진천축협벽암지점,집단급식소식품판매업,충청북도 진천군 진천읍 문화로 200-31,충청북도 진천군
20120443064,문백농업협동조합,집단급식소식품판매업,충청북도 진천군 문백면 옥성1길 3,충청북도 진천군
20170443080,혜린푸드시스템,집단급식소식품판매업,충청북도 진천군 진천읍 원덕로 191,충청북도 진천군
19950443017,동서식품(주),유통전문판매업,충청북도 진천군 광혜원면 광혜원산단2길 78-11,충청북도 진천군
19950443106,(주)네이처텍,유통전문판매업,충청북도 진천군 초평면 용정길 29-8,충청북도 진천군
19960443005,(주)면사랑,유통전문판매업,충청북도 진천군 이월면 궁동길 51-24,충청북도 진천군
19980443150,씨제이푸드빌(주),유통전문판매업,충청북도 진천군 광혜원면 광혜원산단길 107,충청북도 진천군
19990443023,(주)팔도 진천공장,유통전문판매업,충청북도 진천군 광혜원면 광혜원산단길 88,충청북도 진천군
19990443104,(주)다정,유통전문판매업,충청북도 진천군 이월면 장수로 371,충청북도 진천군
19990443189,(주)피죤 진천공장,유통전문판매업,충청북도 진천군 초평면 용정길 29-7,충청북도 진천군
20000443077,(주)정원,유통전문판매업,충청북도 진천군 진천읍 장관2길 59-20,충청북도 진천군
20010443216,홍영식품(주),유통전문판매업,충청북도 진천군 이월면 진광로 460,충청북도 진천군
20020443180,농업회사법인(주)주원산오리,유통전문판매업,충청북도 진천군 광혜원면 진광로 941-5,충청북도 진천군
20030443111,(주)코시스바이오,유통전문판매업,충청북도 진천군 문백면 농다리로 394,충청북도 진천군
20030443179,해피아울렛 농업회사법인 주식회사 2공장,유통전문판매업,충청북도 진천군 초평면 영신길 37-11,충청북도 진천군
20030098273,(주)세모,유통전문판매업,충청북도 진천군 덕산읍 석장2길 27,충청북도 진천군
20040443178,(주)동원 F&B,유통전문판매업,충청북도 진천군 광혜원면 광혜원산단길 112,충청북도 진천군
20050443027,(주)한국에프앤엠,유통전문판매업,충청북도 진천군 덕산읍 덕금로 501-2,충청북도 진천군
20050443164,자혜식품(주),유통전문판매업,충청북도 진천군 덕산읍 한삼로 69-26,충청북도 진천군
20060443129,해피아울렛 농업회사법인 주식회사 1공장,유통전문판매업,충청북도 진천군 초평면 영신길 37-9,충청북도 진천군
20060050509,보전식품,유통전문판매업,충청북도 진천군 백곡면 백곡로 577-20,충청북도 진천군
20070443128,씨제이제일제당(주),유통전문판매업,충청북도 진천군 광혜원면 광혜원산단2길 112,충청북도 진천군
20080443007,(주)삼광식품,유통전문판매업,충청북도 진천군 이월면 생거진천로 1492,충청북도 진천군
20090443094,알리코제약(주),유통전문판매업,충청북도 진천군 광혜원면 용소2길 21,충청북도 진천군
20090445070,(주)태평,유통전문판매업,충청북도 진천군 덕산읍 산수산단2로 103,충청북도 진천군
20100443013,진천장양 영농조합,유통전문판매업,충청북도 진천군 이월면 송림7길 42,충청북도 진천군
20100443025,동국제약(주),유통전문판매업,"충청북도 진천군 광혜원면 사동길 18-1, 동국제약",충청북도 진천군
20100443052,한진식품,유통전문판매업,충청북도 진천군 초평면 은진로 446,충청북도 진천군
20100443057,리치밀(주),유통전문판매업,충청북도 진천군 덕산읍 인화길 48-29,충청북도 진천군
20110443015,경천식품(주),유통전문판매업,충청북도 진천군 진천읍 문화11길 20,충청북도 진천군
20110443077,(주)바른길,유통전문판매업,"충청북도 진천군 진천읍 문화12길 6, (주)바른길",충청북도 진천군
20120443022,다오네농업회사법인(주),유통전문판매업,충청북도 진천군 진천읍 장수로 7,충청북도 진천군
20120443065,(주)참선진녹즙,유통전문판매업,충청북도 진천군 문백면 태락1길 27-82,충청북도 진천군
20130443062,베이시스푸드,유통전문판매업,충청북도 진천군 진천읍 금사로 170,충청북도 진천군
20130443063,베이시스푸드(주),유통전문판매업,충청북도 진천군 진천읍 금사로 170,충청북도 진천군
20130443077,혜성음료(주),유통전문판매업,충청북도 진천군 진천읍 문화로 150,충청북도 진천군
20130443094,삼채나라진천삼채영농조합법인,유통전문판매업,충청북도 진천군 진천읍 중앙동로 123,충청북도 진천군
20140443012,(주)스엔코,유통전문판매업,충청북도 진천군 진천읍 덕금로 208,충청북도 진천군
20150443008,(주)에스앤푸드,유통전문판매업,충청북도 진천군 광혜원면 광혜원산단2길 38,충청북도 진천군
20150443013,꽃샘농원,유통전문판매업,충청북도 진천군 이월면 수청길 8-1,충청북도 진천군
20150443056,해마로푸드서비스(주),유통전문판매업,충청북도 진천군 덕산읍 신척산단1로 5,충청북도 진천군
20150443077,(주)한울타리식품,유통전문판매업,충청북도 진천군 이월면 산수산단2로 139,충청북도 진천군
20150443235,라온농원,유통전문판매업,충청북도 진천군 진천읍 백사천길 67,충청북도 진천군
20150443341,(주)다인소재,유통전문판매업,충청북도 진천군 덕산읍 신척산단5로 71,충청북도 진천군
20150445164,(주)후드원,유통전문판매업,충청북도 진천군 덕산읍 신척산단5로 127,충청북도 진천군
20160443023,(주)코비엠아이엔씨,유통전문판매업,충청북도 진천군 문백면 농다리로 1177-24,충청북도 진천군
20160443065,코비엠(주),유통전문판매업,충청북도 진천군 진천읍 문진로 1167,충청북도 진천군
20160443121,그린라이트농장,유통전문판매업,충청북도 진천군 이월면 진광로 787,충청북도 진천군
20160443245,우리농산,유통전문판매업,충청북도 진천군 문백면 농다리로 1177-24,충청북도 진천군
20160443291,늘푸른케어,유통전문판매업,충청북도 진천군 이월면 미리실길 20,충청북도 진천군
20160443355,농업회사법인(주)에이치엠디씨,유통전문판매업,충청북도 진천군 초평면 초평로 772-11,충청북도 진천군
20170443075,스카이푸드(주),유통전문판매업,충청북도 진천군 백곡면 백곡로 577-4,충청북도 진천군
20170443087,농업회사법인만나씨이에이,유통전문판매업,충청북도 진천군 이월면 진광로 441,충청북도 진천군
20170443135,(주)송림푸드,유통전문판매업,충청북도 진천군 덕산읍 이덕로 687-33,충청북도 진천군
20170443171,디에스코리아,유통전문판매업,충청북도 진천군 진천읍 장수로 143,충청북도 진천군
20170443340,문백농업협동조합,유통전문판매업,충청북도 진천군 문백면 옥성1길 10,충청북도 진천군
20180450006,(주)그린제약,유통전문판매업,"충청북도 진천군 문백면 농다리로 1098, 그린제약(주)",충청북도 진천군
20180450019,진천베리팜,유통전문판매업,충청북도 진천군 덕산읍 덕금로 857,충청북도 진천군
20180450020,(주)삼아벤처,유통전문판매업,"충청북도 진천군 이월면 이덕로 566, (주)삼아벤처",충청북도 진천군
20180450139,(주)하나리,유통전문판매업,충청북도 진천군 진천읍 문화11길 20,충청북도 진천군
20180450162,(주)휴온스내츄럴,유통전문판매업,"충청북도 진천군 이월면 진광로 709-104, (주)청호네추럴",충청북도 진천군
20180450283,씨제이제일제당(주)진천BLOSSOM CAMPUS,유통전문판매업,"충청북도 진천군 진천읍 씨제이로 110, CJ제일제당(주)",충청북도 진천군
20190450054,미잠미과,유통전문판매업,"충청북도 진천군 이월면 미리실길 125, 생거진천하이라이스푸드",충청북도 진천군
20190450055,열두바구니,유통전문판매업,충청북도 진천군 이월면 진안로 362-6,충청북도 진천군
20190450168,(주)가화에프앤씨,유통전문판매업,"충청북도 진천군 덕산읍 이덕로 730-15, 창연실업",충청북도 진천군
20190450302,(주)원일식품,유통전문판매업,"충청북도 진천군 진천읍 진광로 120-6, (주)원일식품",충청북도 진천군
20200450008,씨제이제일제당(주)진천BLOSSOM CAMPUS 4동,유통전문판매업,"충청북도 진천군 진천읍 씨제이로 110, CJ제일제당(주) 4동",충청북도 진천군
20200450059,산초식품영농조합법인 제2공장,유통전문판매업,"충청북도 진천군 진천읍 송강로 755, 삼보산업",충청북도 진천군
20200450149,농업회사법인(주)다울,유통전문판매업,충청북도 진천군 진천읍 사랑재길 22,충청북도 진천군
19980443085,주식회사영마트,기타식품판매업,충청북도 진천군 진천읍 중앙동9길 40-3,충청북도 진천군
19980443091,광혜원농협하나로마트,기타식품판매업,충청북도 진천군 광혜원면 장기길 91,충청북도 진천군
19980443078,진천농협하나로마트,기타식품판매업,충청북도 진천군 진천읍 중앙동5길 12,충청북도 진천군
20000443019,(주)주성마트 광혜원점,기타식품판매업,"충청북도 진천군 광혜원면 화랑5길 3, 화랑5길 7",충청북도 진천군
20010443005,화랑마트,기타식품판매업,충청북도 진천군 진천읍 남산길 64,충청북도 진천군
20020443012,(주)주성마트,기타식품판매업,충청북도 진천군 이월면 진안로 5,충청북도 진천군
20030443116,(주)GS리테일진천점,기타식품판매업,충청북도 진천군 진천읍 남산길 78,충청북도 진천군
20030443126,덕산농협하나로마트,기타식품판매업,충청북도 진천군 덕산읍 용몽2길 17-7,충청북도 진천군
20040443163,진천축협벽암지점,기타식품판매업,충청북도 진천군 진천읍 문화로 200-31,충청북도 진천군
20060443136,이월농협하나로마트,기타식품판매업,충청북도 진천군 이월면 송림6길 45,충청북도 진천군
20090443216,롯데쇼핑(주)롯데슈퍼 광혜원점,기타식품판매업,충청북도 진천군 광혜원면 광혜원산단1길 115-4,충청북도 진천군
20150443104,(주)남한강마트진천점,기타식품판매업,충청북도 진천군 진천읍 대촌길 1,충청북도 진천군
20170443233,금수레마트,기타식품판매업,충청북도 진천군 덕산읍 덕금로 807,충청북도 진천군
20170443366,(주)이마트에브리데이 진천옥동점,기타식품판매업,충청북도 진천군 덕산읍 연미1길 33,충청북도 진천군
20180450038,이플러스마트 광혜원점,기타식품판매업,"충청북도 진천군 광혜원면 화랑6길 8-9, 주식회사 대한",충청북도 진천군
20180450293,엘마트 진천점,기타식품판매업,충청북도 진천군 덕산읍 시가로 15,충청북도 진천군
20190450147,남한강마트 광혜원점,기타식품판매업,충청북도 진천군 광혜원면 진광로 1563,충청북도 진천군
20190450296,노브랜드,기타식품판매업,"충청북도 진천군 덕산읍 대하로 138, C동 111호",충청북도 진천군
20190450377,덕산식자재마트,기타식품판매업,충청북도 진천군 덕산읍 덕금로 793,충청북도 진천군
20080442031,신용유통,집단급식소식품판매업,충청북도 증평군 증평읍 장뜰로 88-2,충청북도 증평군
20080442036,농업회사법인자연과사람주식회사,집단급식소식품판매업,충청북도 증평군 증평읍 장뜰로 84,충청북도 증평군
20080442038,준수유통,집단급식소식품판매업,충청북도 증평군 증평읍 삼보로7길 26,충청북도 증평군
20080442093,주식회사 신성,집단급식소식품판매업,충청북도 증평군 증평읍 중앙로 126,충청북도 증평군
20140442069,충북중앙키즈,집단급식소식품판매업,충청북도 증평군 증평읍 초중2길 37-4,충청북도 증평군
20160442147,그린푸드,집단급식소식품판매업,"충청북도 증평군 증평읍 장뜰로 84, 2층",충청북도 증평군
20180449153,주식회사 대경네트웍스,집단급식소식품판매업,"충청북도 증평군 증평읍 삼일로2길 14, 1층",충청북도 증평군
20180449165,농업회사법인 해우림 주식회사,집단급식소식품판매업,충청북도 증평군 증평읍 방곡1길 4,충청북도 증평군
20190449079,농업회사법인 동방팜스(주),집단급식소식품판매업,충청북도 증평군 도안면 증평2산단로 6,충청북도 증평군
20200449001,화랑마트,집단급식소식품판매업,충청북도 증평군 증평읍 증평로 3,충청북도 증평군
20200449005,(주) 증평할인마트,집단급식소식품판매업,"충청북도 증평군 증평읍 증평로 38, 증평할인마트",충청북도 증평군
20000442003,풀무원건강생활(주),유통전문판매업,충청북도 증평군 도안면 원명로 35,충청북도 증평군
20000442008,충북인삼농협,유통전문판매업,충청북도 증평군 증평읍 중부로 2459,충청북도 증평군
20010442056,(주)농협홍삼,유통전문판매업,충청북도 증평군 증평읍 중앙로 88,충청북도 증평군
20060442063,롯데제과(주)증평공장,유통전문판매업,충청북도 증평군 도안면 원명로 47,충청북도 증평군
20090442041,(주)풀무원녹즙,유통전문판매업,충청북도 증평군 도안면 원명로 35,충청북도 증평군
20100105406,(주)메이준 생활건강,유통전문판매업,충청북도 증평군 도안면 증평2산단로 227,충청북도 증평군
20120442095,충북인삼농협고려인삼창,유통전문판매업,충청북도 증평군 도안면 행갈길 179,충청북도 증평군
20150442029,주식회사 하람,유통전문판매업,"충청북도 증평군 증평읍 중부로 2451, 302호",충청북도 증평군
20150442076,세종FI,유통전문판매업,"충청북도 증평군 증평읍 대학로 61, 201호 (한국교통대학교(창업보육센터))",충청북도 증평군
20150442119,퓨전푸드 온누리에프앤씨,유통전문판매업,"충청북도 증평군 증평읍 초중4길 45, 1층",충청북도 증평군
20160442055,농업회사법인 한그루(주),유통전문판매업,충청북도 증평군 증평읍 초중5길 51,충청북도 증평군
20160442122,(주)한미에프앤에프,유통전문판매업,충청북도 증평군 도안면 노암로 129,충청북도 증평군
20160442146,푸른농장,유통전문판매업,충청북도 증평군 증평읍 송산로1길 7,충청북도 증평군
20180449001,(주)항암김치연구소,유통전문판매업,"충청북도 증평군 증평읍 광장로 429-1, 2층",충청북도 증평군
20180449021,주은 인그리디언트,유통전문판매업,"충청북도 증평군 도안면 증평2산단로 10, 2동",충청북도 증평군
20180451025,위글랩(Wigglelab),유통전문판매업,"충청북도 증평군 증평읍 초중로 37, 2층",충청북도 증평군
20180449117,남순남(주),유통전문판매업,충청북도 증평군 도안면 증평2산단로 233,충청북도 증평군
20190449022,성보산업(주),유통전문판매업,충청북도 증평군 도안면 증평2산단로 19,충청북도 증평군
20190449165,더홈반찬,유통전문판매업,충청북도 증평군 증평읍 초중8길 11,충청북도 증평군
20190438435,리버베리,유통전문판매업,"충청북도 증평군 증평읍 대학로 61, 한국교통대학교증평캠퍼스 국제관동 4층 405호",충청북도 증평군
20010442076,화랑마트,기타식품판매업,충청북도 증평군 증평읍 증평로 3,충청북도 증평군
20020442026,(주)지에스 리테일 증평점,기타식품판매업,충청북도 증평군 증평읍 창신로 54,충청북도 증평군
20030442059,증평농협하나로마트,기타식품판매업,"충청북도 증평군 증평읍 중앙로 191, 증평농협하나로마트",충청북도 증평군
20080442010,그린마트,기타식품판매업,충청북도 증평군 증평읍 초중로 10,충청북도 증평군
20100442023,다산마트(주),기타식품판매업,충청북도 증평군 증평읍 삼보로1길 8,충청북도 증평군
20100442045,해든마트,기타식품판매업,충청북도 증평군 증평읍 증평로 31-12,충청북도 증평군
20140442057,증평농협 하나로마트,기타식품판매업,충청북도 증평군 증평읍 광장로 27,충청북도 증평군
20150442120,증평할인마트,기타식품판매업,충청북도 증평군 증평읍 증평로 38,충청북도 증평군
20180449059,바이템,기타식품판매업,충청북도 증평군 증평읍 초중5길 42,충청북도 증평군
20190449195,충북마트,기타식품판매업,충청북도 증평군 증평읍 북부두름길 46,충청북도 증평군
20080435173,주영상사,집단급식소식품판매업,"충청북도 제천시 의림대로4길 81, (화산동)",충청북도 제천시
20080435174,동방,집단급식소식품판매업,"충청북도 제천시 원화산로 126, (동현동)",충청북도 제천시
20080435175,대호상사,집단급식소식품판매업,"충청북도 제천시 원화산로 104, (화산동)",충청북도 제천시
20080435292,제천식육점,집단급식소식품판매업,"충청북도 제천시 풍양로 108, (중앙로1가,중앙시장상가지하16호)",충청북도 제천시
20090435133,제천시농업경영인유통조합,집단급식소식품판매업,"충청북도 제천시 의림대로18길 21, (중앙로2가)",충청북도 제천시
20090435232,(주)한양축산,집단급식소식품판매업,"충청북도 제천시 내토로 482, (화산동)",충청북도 제천시
20090435335,바른푸드,집단급식소식품판매업,"충청북도 제천시 독순로 161, (동현동)",충청북도 제천시
20140435109,(주)아워홈제천영업소,집단급식소식품판매업,"충청북도 제천시 한방엑스포로 104, (왕암동)",충청북도 제천시
20140435299,에스푸드,집단급식소식품판매업,"충청북도 제천시 내토로 569, 2동 1층 102호 (화산동)",충청북도 제천시
20140435321,푸른유통,집단급식소식품판매업,"충청북도 제천시 용두대로29길 23, 제천사과영농조합 1-3층 (신월동)",충청북도 제천시
20150435052,백운상사,집단급식소식품판매업,"충청북도 제천시 내토로41안길 57, 1층 (화산동)",충청북도 제천시
20150435067,배광식품,집단급식소식품판매업,"충청북도 제천시 내토로38길 12, (화산동)",충청북도 제천시
20150435085,바른푸드,집단급식소식품판매업,"충청북도 제천시 숭문로 24, (명동)",충청북도 제천시
20150435185,제이에이치푸드,집단급식소식품판매업,"충청북도 제천시 고암로1길 15, (청전동)",충청북도 제천시
20150435339,농업회사법인대월식품주식회사,집단급식소식품판매업,"충청북도 제천시 바이오밸리로 212, (신월동)",충청북도 제천시
20170435112,늘푸른 한우,집단급식소식품판매업,"충청북도 제천시 내토로43안길 33, (화산동)",충청북도 제천시
20180444003,대우축산,집단급식소식품판매업,"충청북도 제천시 원화산로 154, 우측끝 1층 (동현동)",충청북도 제천시
20180444036,엠푸드시스템,집단급식소식품판매업,"충청북도 제천시 내토로51길 14, 1층 (화산동)",충청북도 제천시
20180444375,가온유통,집단급식소식품판매업,"충청북도 제천시 내제로23길 9, 1층 (청전동)",충청북도 제천시
20200444048,제천시하늘뜨레조합공동사업법인,집단급식소식품판매업,"충청북도 제천시 봉양읍 용두대로 821, 3,6동",충청북도 제천시
20200444084,(주)대왕푸드,집단급식소식품판매업,"충청북도 제천시 내토로 486-2, 2층 (화산동)",충청북도 제천시
20060435192,주식회사유유제약,유통전문판매업,"충청북도 제천시 바이오밸리1로 94, (왕암동,(1층))",충청북도 제천시
20060445097,음성농민농산,유통전문판매업,"충청북도 제천시 고명로 175, (고명동)",충청북도 제천시
20080435220,애디드컴퍼니 주식회사,유통전문판매업,충청북도 제천시 봉양읍 명암로 439,충청북도 제천시
20090435179,기린제과 제천대리점,유통전문판매업,"충청북도 제천시 명지로6길 3, (명지동)",충청북도 제천시
20090435342,(주)태경식품,유통전문판매업,"충청북도 제천시 바이오밸리1로 115, (왕암동)",충청북도 제천시
20090435005,(주)휴온스,유통전문판매업,"충청북도 제천시 바이오밸리로 100, (왕암동,휴온스 내)",충청북도 제천시
20100435365,미소랑(주),유통전문판매업,"충청북도 제천시 바이오밸리2로 41, (왕암동,2동 101호)",충청북도 제천시
20110435017,(주)원일바이오,유통전문판매업,"충청북도 제천시 바이오밸리2로 41, 1동 1층 111호 (왕암동)",충청북도 제천시
20120435142,가야농수산,유통전문판매업,"충청북도 제천시 내토로40가길 27, (화산동)",충청북도 제천시
20140435014,월악산삼채천마영농조합법인,유통전문판매업,충청북도 제천시 덕산면 약초로 99,충청북도 제천시
20140435160,(주)씨알푸드,유통전문판매업,"충청북도 제천시 바이오밸리1로 85, (왕암동)",충청북도 제천시
20150435233,어부김씨,유통전문판매업,"충청북도 제천시 원화산로 96, (화산동)",충청북도 제천시
20150435394,한방이야기,유통전문판매업,충청북도 제천시 덕산면 약초로3안길 6-1,충청북도 제천시
20160435036,(주)풀잎라인,유통전문판매업,"충청북도 제천시 내토로73길 40, (고암동)",충청북도 제천시
20160435040,코스맥스바이오(주),유통전문판매업,"충청북도 제천시 바이오밸리3로 30, (왕암동)",충청북도 제천시
20160435080,박댈재하얀민들레영농조합법인,유통전문판매업,충청북도 제천시 백운면 구학산로 1099-21,충청북도 제천시
20160435088,박달재한방웰빙식품,유통전문판매업,"충청북도 제천시 바이오밸리로 48-1, (왕암동)",충청북도 제천시
20160435344,제천영재농원&영재약초,유통전문판매업,"충청북도 제천시 송학면 무도2길 31, 1층",충청북도 제천시
20170435011,(주)자연초마을,유통전문판매업,충청북도 제천시 수산면 옥순봉로6길 1,충청북도 제천시
20170435128,뉴 플래닛,유통전문판매업,"충청북도 제천시 용두천로 214, 1층 (청전동)",충청북도 제천시
20170435189,한방굼벵이 '한굼',유통전문판매업,"충청북도 제천시 풍양로 108, 중앙시장상가 나동 2층 125호, 109호 (중앙로1가)",충청북도 제천시
20170084342,(주)와이케이컴퍼니,유통전문판매업,"충청북도 제천시 바이오밸리2로 41, 104호 (왕암동)",충청북도 제천시
20180444037,제천양채영농조합법인,유통전문판매업,"충청북도 제천시 덕산면 약초로 74-1, (사무실, 창고주소 월악로2463)",충청북도 제천시
20180444048,제천약초협동조합,유통전문판매업,"충청북도 제천시 원화산로 121, 약초시장 나동 1층 14호 (화산동)",충청북도 제천시
20180444082,(주)자안,유통전문판매업,"충청북도 제천시 봉양읍 앞산로 174, 나동",충청북도 제천시
20180444229,(주)지디웨이브,유통전문판매업,충청북도 제천시 송학면 도화로 325,충청북도 제천시
20180444362,주식회사 바른,유통전문판매업,"충청북도 제천시 용두대로31길 58, (신월동)",충청북도 제천시
20180444428,(주)신선한아침,유통전문판매업,"충청북도 제천시 의림대로 26, 3층 (화산동)",충청북도 제천시
20190444054,명성상사,유통전문판매업,"충청북도 제천시 고암로 64-5, 1층 (청전동)",충청북도 제천시
20190444237,청산약초,유통전문판매업,"충청북도 제천시 원화산로 121, 약초시장 라동 1층,2층 1-6호 (화산동)",충청북도 제천시
20190444392,(주)아리바이오 에이치앤비,유통전문판매업,"충청북도 제천시 한방엑스포로5길 77, 2동 1층 (왕암동)",충청북도 제천시
20190444485,주식회사 프레시윈도,유통전문판매업,"충청북도 제천시 탑안로 157, 1층 (장락동)",충청북도 제천시
20190444503,세하앤,유통전문판매업,"충청북도 제천시 의병대로45길 58, 다하(청암학교) 다하 2동 (흑석동)",충청북도 제천시
20190444515,글로벌달팽이가게,유통전문판매업,"충청북도 제천시 수산면 월악로26길 42, 1층",충청북도 제천시
20200444002,(주) 제산,유통전문판매업,"충청북도 제천시 원화산로 121, 약초시장 마동 1호 (화산동)",충청북도 제천시
20200444007,코메타,유통전문판매업,"충청북도 제천시 용두대로11길 22-16, 1층 (하소동)",충청북도 제천시
19970435305,홈마트 청전점,기타식품판매업,"충청북도 제천시 고암로 33, (청전동)",충청북도 제천시
19990435017,롯데쇼핑(주)롯데슈퍼 청전점,기타식품판매업,"충청북도 제천시 의림대로 201, (청전동)",충청북도 제천시
19990435188,대동쇼핑,기타식품판매업,"충청북도 제천시 독순로13길 3, (중앙로2가)",충청북도 제천시
20000435191,홈마트신백점,기타식품판매업,"충청북도 제천시 의병대로 244, (신백동)",충청북도 제천시
20000435343,롯데쇼핑(주)롯데슈퍼 장락점,기타식품판매업,"충청북도 제천시 청전대로 231, (장락동)",충청북도 제천시
20020435424,(주)한국유통,기타식품판매업,"충청북도 제천시 하소로 54, (하소동)",충청북도 제천시
20030435117,제천알마트물류센타,기타식품판매업,"충청북도 제천시 의림대로 334, (청전동)",충청북도 제천시
20030435186,홈마트 신제천유통,기타식품판매업,"충청북도 제천시 용두대로 149, (하소동)",충청북도 제천시
20060435010,(주)에이치엠지 중앙점,기타식품판매업,"충청북도 제천시 용두천로 104, (남천동)",충청북도 제천시
20060435044,하나로쇼핑타운명동점,기타식품판매업,"충청북도 제천시 풍양로9길 5, 1층 101호 (의림동, 머니풀빌딩 )",충청북도 제천시
20090435334,(주)이마트제천점,기타식품판매업,"충청북도 제천시 장평천로 11, (강제동,제천 E-MART (1,2층))",충청북도 제천시
20100435301,제천농협하나로마트,기타식품판매업,"충청북도 제천시 숭문로 92, J동 (의림동)",충청북도 제천시
20100435318,롯데마트 제천점,기타식품판매업,"충청북도 제천시 용두대로 111, (하소동,롯데마트 제천점)",충청북도 제천시
20150435122,주성마트,기타식품판매업,"충청북도 제천시 장락로 146, (장락동)",충청북도 제천시
20170435106,조은식자재,기타식품판매업,"충청북도 제천시 동명로 68, (명동)",충청북도 제천시
20170435217,백운농협하나로마트,기타식품판매업,충청북도 제천시 백운면 평동로2길 7-5,충청북도 제천시
20190444075,홈마트,기타식품판매업,"충청북도 제천시 용두천로46길 35, 1동 1층 (고암동)",충청북도 제천시
20190444343,홈마트신백2호점,기타식품판매업,"충청북도 제천시 신백로 43, 1층 (신백동)",충청북도 제천시
20080445055,럭키하이푸드,집단급식소식품판매업,충청북도 음성군 금왕읍 무극로314번길 5,충청북도 음성군
20120445099,(주)팜스코,집단급식소식품판매업,충청북도 음성군 삼성면 대청로 54,충청북도 음성군
20170445027,학교급식지원센터,집단급식소식품판매업,충청북도 음성군 음성읍 반기문로 62,충청북도 음성군
20170445033,음성살림로컬푸드협동조합,집단급식소식품판매업,충청북도 음성군 원남면 하초로91번길 25,충청북도 음성군
20170445446,금강식품,집단급식소식품판매업,"충청북도 음성군 음성읍 음성로 384, 가동 106호",충청북도 음성군
20180452049,푸드글로리,집단급식소식품판매업,"충청북도 음성군 음성읍 용광로 277-1, 1층",충청북도 음성군
20180452057,농업회사법인푸른마을주식회사,집단급식소식품판매업,"충청북도 음성군 감곡면 가곡로390번길 22-32, 가동",충청북도 음성군
20190452417,음성나누리 장애인보호작업장,집단급식소식품판매업,"충청북도 음성군 맹동면 대동로 3, 맹동초등학교병설유치원",충청북도 음성군
20190452449,일오삼식품,집단급식소식품판매업,"충청북도 음성군 음성읍 음성로 384, 103호",충청북도 음성군
20000445092,(주)삼정향료,유통전문판매업,충청북도 음성군 음성읍 용광로114번길 62,충청북도 음성군
20010445112,태웅양행(주),유통전문판매업,충청북도 음성군 대소면 대금로 196-21,충청북도 음성군
20010445135,"학교법인 건국대학교 건국유업,건국햄",유통전문판매업,충청북도 음성군 대소면 대풍산단로 197,충청북도 음성군
20020445048,영흥식품(주),유통전문판매업,충청북도 음성군 대소면 산내로 147-31,충청북도 음성군
20020445174,비아이에프(주),유통전문판매업,충청북도 음성군 원남면 원남산단로 115,충청북도 음성군
20040445028,(주)다미푸드텍,유통전문판매업,충청북도 음성군 삼성면 대청로 268,충청북도 음성군
20040445223,씨제이푸드빌주식회사,유통전문판매업,충청북도 음성군 대소면 대소산단로 20,충청북도 음성군
20050445046,번영,유통전문판매업,충청북도 음성군 소이면 소이로 395,충청북도 음성군
20060445113,콜마비앤에이치(주) 푸디팜사업부문,유통전문판매업,충청북도 음성군 대소면 대풍산단1길 8,충청북도 음성군
20060445120,금왕농협북부지소,유통전문판매업,충청북도 음성군 금왕읍 금석로116번길 9,충청북도 음성군
20060445140,(주)오뚜기,유통전문판매업,충청북도 음성군 대소면 대풍산단로 128,충청북도 음성군
20060445017,태남생활건강 주식회사,유통전문판매업,충청북도 음성군 대소면 대풍산단로 108,충청북도 음성군
20070445014,(주)블루오앤비,유통전문판매업,충청북도 음성군 생극면 오신로445번길 14,충청북도 음성군
20070445048,씨제이제일제당(주),유통전문판매업,충청북도 음성군 금왕읍 무극로65번길 19,충청북도 음성군
20070445134,남미SNF,유통전문판매업,충청북도 음성군 맹동면 맹동산단로 38-39,충청북도 음성군
20070445208,비알코리아(주),유통전문판매업,충청북도 음성군 삼성면 금일로 955-12,충청북도 음성군
20080445021,라원식품(주),유통전문판매업,충청북도 음성군 생극면 오신로445번길 14,충청북도 음성군
20080445041,(주)조아,유통전문판매업,충청북도 음성군 대소면 대동로537번길 100,충청북도 음성군
20080445085,(주)농협목우촌,유통전문판매업,충청북도 음성군 금왕읍 대금로1278번길 81,충청북도 음성군
20090445007,(주)사옹원,유통전문판매업,충청북도 음성군 대소면 한삼로153번길 76-17,충청북도 음성군
20090445042,(주)대일,유통전문판매업,충청북도 음성군 금왕읍 금율로 220-35,충청북도 음성군
20090445048,(주)맑은해오름,유통전문판매업,충청북도 음성군 맹동면 맹동산단1길 47-23,충청북도 음성군
20090445080,아모제푸드시스템(주)음성CK공장,유통전문판매업,충청북도 음성군 삼성면 하이텍산단로 81,충청북도 음성군
20090445127,풀무원식품(주),유통전문판매업,충청북도 음성군 대소면 삼양로 730-27,충청북도 음성군
20100445047,(주)휴먼텍,유통전문판매업,충청북도 음성군 맹동면 군자길 5,충청북도 음성군
20100445051,(주)이연에프엔씨 음성공장,유통전문판매업,충청북도 음성군 음성읍 초천로 27,충청북도 음성군
20100445038,(주)흥국에프엔비,유통전문판매업,충청북도 음성군 삼성면 하이텍산단로 116-23,충청북도 음성군
20110445067,(주)원플러스원,유통전문판매업,충청북도 음성군 맹동면 맹동산단로 38-23,충청북도 음성군
20110445069,(주)유진미향,유통전문판매업,충청북도 음성군 맹동면 덕금로 38,충청북도 음성군
20110445124,(주)이목원,유통전문판매업,충청북도 음성군 삼성면 하이텍산단로 127,충청북도 음성군
20110368202,농업회사법인 다온푸드(주),유통전문판매업,충청북도 음성군 삼성면 천평길112번길 8-21,충청북도 음성군
20120445117,(주)토레인푸드,유통전문판매업,충청북도 음성군 대소면 신내로 213-40,충청북도 음성군
20120445146,(주)한산에프앤지,유통전문판매업,충청북도 음성군 맹동면 맹동산단로 38-13,충청북도 음성군
20130445053,(주)티알아이,유통전문판매업,충청북도 음성군 삼성면 금일로 679-35,충청북도 음성군
20130445092,(주)웰팜,유통전문판매업,충청북도 음성군 금왕읍 금일로546번길 87,충청북도 음성군
20130445128,정성식품(주),유통전문판매업,충청북도 음성군 대소면 대물로 70-13,충청북도 음성군
20130445220,(주)네추럴에프앤피 음성공장,유통전문판매업,충청북도 음성군 삼성면 상곡로 103-1,충청북도 음성군
20140445085,(주)베넷트레이드,유통전문판매업,충청북도 음성군 원남면 상경로 16,충청북도 음성군
20140445101,영농조합법인 착한농부들,유통전문판매업,충청북도 음성군 금왕읍 백야로 347,충청북도 음성군
20140445114,구지영농조합법인,유통전문판매업,충청북도 음성군 대소면 신내로 163,충청북도 음성군
20140445116,온네이쳐,유통전문판매업,충청북도 음성군 음성읍 한불로 71-4,충청북도 음성군
20140445168,태현F&B,유통전문판매업,충청북도 음성군 대소면 대소산단로 69-12,충청북도 음성군
20140445189,(주)진성푸드,유통전문판매업,충청북도 음성군 대소면 대소산단로 69-12,충청북도 음성군
20140445190,(주)혜인식품,유통전문판매업,충청북도 음성군 맹동면 맹동산단1길 27-25,충청북도 음성군
20140445255,(주)다농원,유통전문판매업,충청북도 음성군 금왕읍 유촌로232번길 47,충청북도 음성군
20150445004,바이칼INC,유통전문판매업,충청북도 음성군 생극면 음성로 1868-1,충청북도 음성군
20150445014,(주)홍가인,유통전문판매업,충청북도 음성군 원남면 하노길 26-47,충청북도 음성군
20150445031,(주)와우에프앤비,유통전문판매업,충청북도 음성군 생극면 중원대로 124,충청북도 음성군
20150445045,농업회사법인 조인(주)맹동지점,유통전문판매업,충청북도 음성군 맹동면 맹동산단1길 47-28,충청북도 음성군
20150445083,음성블루베리원영농조합법인,유통전문판매업,충청북도 음성군 대소면 한삼로 108-55,충청북도 음성군
20150445103,㈜엔셀,유통전문판매업,충청북도 음성군 원남면 상노길 274,충청북도 음성군
20150445208,(주)팜스코,유통전문판매업,충청북도 음성군 삼성면 대청로 54,충청북도 음성군
20150445250,농업회사법인주식회사 보라농원,유통전문판매업,충청북도 음성군 금왕읍 금율로389번길 133-8,충청북도 음성군
20150445255,(주)신세계푸드,유통전문판매업,충청북도 음성군 원남면 원남산단로 128-14,충청북도 음성군
20150445272,씨제이씨푸드 주식회사,유통전문판매업,충청북도 음성군 원남면 원남산단로 141,충청북도 음성군
20150445279,(주)동방푸디쓰,유통전문판매업,"충청북도 음성군 대소면 대금로105번길 70, 타동",충청북도 음성군
20150445296,(주)명진농산,유통전문판매업,충청북도 음성군 생극면 음성로 1550,충청북도 음성군
20160445045,주식회사 우보 TSF,유통전문판매업,충청북도 음성군 감곡면 음성로 2354-6,충청북도 음성군
20160445152,이가식품(주),유통전문판매업,충청북도 음성군 음성읍 한불로69번길 18,충청북도 음성군
20160445275,영농조합법인 산정푸드,유통전문판매업,충청북도 음성군 맹동면 덕금로 36,충청북도 음성군
20160445294,(주)하루견과 음성지점,유통전문판매업,충청북도 음성군 대소면 수태로 72-13,충청북도 음성군
20160445317,(주)에스디생명공학 건강식품사업부문,유통전문판매업,충청북도 음성군 원남면 원남산단로 111,충청북도 음성군
20160445423,경동농원,유통전문판매업,충청북도 음성군 감곡면 음성로2568번길 67-9,충청북도 음성군
20160445462,자연앤사람,유통전문판매업,충청북도 음성군 삼성면 대성로 517,충청북도 음성군
20170445005,(주)동방푸드마스타,유통전문판매업,충청북도 음성군 대소면 대금로105번길 70,충청북도 음성군
20170445122,으뜸식품,유통전문판매업,충청북도 음성군 감곡면 사곡길 11,충청북도 음성군
20170445160,(주)휴먼텍,유통전문판매업,"충청북도 음성군 원남면 원남산단로 274-47, 1층",충청북도 음성군
20170445193,(주)모닝후루츠,유통전문판매업,충청북도 음성군 맹동면 맹동산단로 53,충청북도 음성군
20170445245,(주)가린한방,유통전문판매업,충청북도 음성군 대소면 대소산단로 7-16,충청북도 음성군
20170445283,착한애,유통전문판매업,"충청북도 음성군 맹동면 맹동산단1길 47-23, 라동",충청북도 음성군
20170445356,대성FS,유통전문판매업,"충청북도 음성군 대소면 산내로 308, 102호",충청북도 음성군
20170445384,(주)이가자연면,유통전문판매업,"충청북도 음성군 맹동면 맹동산단로 38-3, 1층",충청북도 음성군
20170445443,농업회사법인 주식회사 아빠농부,유통전문판매업,"충청북도 음성군 음성읍 중앙로 99, 1층",충청북도 음성군
20170445453,동화,유통전문판매업,"충청북도 음성군 금왕읍 유촌로 105-33, 가동",충청북도 음성군
20180452097,투썸플레이스 주식회사,유통전문판매업,충청북도 음성군 대소면 대소산단로 20,충청북도 음성군
20180452162,농업회사법인(주)이림 금은동표고버섯,유통전문판매업,충청북도 음성군 금왕읍 금석로108번길 9,충청북도 음성군
20180452288,(주)에이씨티,유통전문판매업,충청북도 음성군 삼성면 하이텍산단로 62,충청북도 음성군
20180452375,대원농원아로니아,유통전문판매업,충청북도 음성군 금왕읍 무극로309번길 7,충청북도 음성군
20180452436,(주)아로마에프아이,유통전문판매업,충청북도 음성군 대소면 내산길 21-25,충청북도 음성군
20180452569,진세농원,유통전문판매업,"충청북도 음성군 생극면 음성로 1671, 2층 2호",충청북도 음성군
20190452075,(주)남양F&B,유통전문판매업,"충청북도 음성군 생극면 음성로 1424, 가동",충청북도 음성군
20190452160,(주)푸르샨식품,유통전문판매업,충청북도 음성군 맹동면 맹동산단1길 81,충청북도 음성군
20190452163,(주)맑은식품,유통전문판매업,충청북도 음성군 삼성면 하이텍산단로 137,충청북도 음성군
20190452419,생기곤충농원,유통전문판매업,충청북도 음성군 생극면 차생로 56,충청북도 음성군
20190452482,에쓰푸드(주)음성공장,유통전문판매업,충청북도 음성군 원남면 원남산단로 60,충청북도 음성군
20190452486,농업회사법인(주)농손,유통전문판매업,충청북도 음성군 금왕읍 유삼길 9-17,충청북도 음성군
20190452494,민유통,유통전문판매업,충청북도 음성군 음성읍 교동3길 6,충청북도 음성군
20200452039,㈜선명농수산 대소지점,유통전문판매업,충청북도 음성군 대소면 수태로 72-11,충청북도 음성군
20200452128,오뚜기제유 주식회사,유통전문판매업,"충청북도 음성군 생극면 음성로 1506-27, U동 1층 B동 4층",충청북도 음성군
20200452172,(주)다인푸드시스템,유통전문판매업,"충청북도 음성군 맹동면 교연로 880, 킹스밀오피스텔 116호",충청북도 음성군
19970445127,음성농협 하나로마트,기타식품판매업,충청북도 음성군 음성읍 설성로 69,충청북도 음성군
19990445037,델타마트,기타식품판매업,충청북도 음성군 음성읍 중앙로 111,충청북도 음성군
20000445130,(주)제이비엠,기타식품판매업,충청북도 음성군 대소면 오태로 117,충청북도 음성군
20000445062,뉴현대마트,기타식품판매업,충청북도 음성군 음성읍 중앙로 153,충청북도 음성군
20010445159,대소농업협동조합,기타식품판매업,충청북도 음성군 대소면 오산로 39,충청북도 음성군
20020445008,진로마트,기타식품판매업,충청북도 음성군 감곡면 장감로126번길 20-3,충청북도 음성군
20020445035,1004마트,기타식품판매업,충청북도 음성군 금왕읍 무극로 211,충청북도 음성군
20020445055,(주)엘마트,기타식품판매업,충청북도 음성군 대소면 오태로 166,충청북도 음성군
20020445191,금왕현대마트(주),기타식품판매업,충청북도 음성군 금왕읍 무극로333번길 329,충청북도 음성군
20030445234,금왕할인마트,기타식품판매업,충청북도 음성군 금왕읍 무극로 258,충청북도 음성군
20040445004,홈마트,기타식품판매업,충청북도 음성군 음성읍 음성천동길 84,충청북도 음성군
20040445231,엠마트,기타식품판매업,충청북도 음성군 삼성면 덕정로 93,충청북도 음성군
20040445237,혜성프라자,기타식품판매업,충청북도 음성군 대소면 오산로 84,충청북도 음성군
20040445293,태조유통,기타식품판매업,충청북도 음성군 삼성면 덕정로30번길 16,충청북도 음성군
20060445073,(주)화랑마트,기타식품판매업,충청북도 음성군 감곡면 장감로 175-1,충청북도 음성군
20060445145,금왕농협하나로마트,기타식품판매업,충청북도 음성군 금왕읍 백야로 6,충청북도 음성군
20060445160,생극농업협동조합,기타식품판매업,충청북도 음성군 생극면 음성로 1665-3,충청북도 음성군
20070445038,탑마트,기타식품판매업,충청북도 음성군 대소면 대금로 536,충청북도 음성군
20100445232,음성할인마트(주),기타식품판매업,충청북도 음성군 음성읍 중앙로 55,충청북도 음성군
20110445034,삼성농협하나로마트,기타식품판매업,충청북도 음성군 삼성면 대성로 597-2,충청북도 음성군
20130445035,감곡농협하나로마트,기타식품판매업,충청북도 음성군 감곡면 장감로126번길 34,충청북도 음성군
20130445135,K마트,기타식품판매업,충청북도 음성군 삼성면 덕정로62번길 15-13,충청북도 음성군
20150445015,(주)이마트에브리데이 충북음성점,기타식품판매업,충청북도 음성군 맹동면 사예1길 7,충청북도 음성군
20160445159,남한강마트 혁신점,기타식품판매업,충청북도 음성군 맹동면 원중로 1363,충청북도 음성군
20160445470,맹동농협 하나로마트,기타식품판매업,"충청북도 음성군 맹동면 두레로 34, 2층",충청북도 음성군
20170445232,1004마트,기타식품판매업,충청북도 음성군 감곡면 음성로 2659,충청북도 음성군
20180452509,지마트,기타식품판매업,충청북도 음성군 맹동면 대하2나길 26,충청북도 음성군
20180452549,대소두꺼비왕식자재마트 주식회사,기타식품판매업,충청북도 음성군 대소면 대금로 205,충청북도 음성군
20190452500,마트썬,기타식품판매업,"충청북도 음성군 금왕읍 대금로1519번길 10-1, 1,2층",충청북도 음성군
20200452119,싸이코배블마트,기타식품판매업,충청북도 음성군 대소면 대청로 13-4,충청북도 음성군
20080440016,옥천농업진흥(주),집단급식소식품판매업,충청북도 옥천군 옥천읍 금구천길 5,충청북도 옥천군
20130440004,시아푸드,집단급식소식품판매업,충청북도 옥천군 옥천읍 삼양로6길 12,충청북도 옥천군
20130440094,옥천농협하나로마트,집단급식소식품판매업,충청북도 옥천군 옥천읍 삼금로 21,충청북도 옥천군
20140440026,옥천살림협동조합,집단급식소식품판매업,충청북도 옥천군 옥천읍 금장로 82,충청북도 옥천군
20140240213,벼리푸드,집단급식소식품판매업,충청북도 옥천군 옥천읍 양수로6길 20,충청북도 옥천군
20150440138,행복담기(주),집단급식소식품판매업,충청북도 옥천군 옥천읍 중앙로 153,충청북도 옥천군
20160440035,(주)경성,집단급식소식품판매업,충청북도 옥천군 옥천읍 성신로 12-1,충청북도 옥천군
20160440126,주식회사 해인,집단급식소식품판매업,"충청북도 옥천군 옥천읍 옥천로 1654-22, 1층",충청북도 옥천군
20170440012,(주)엘마트,집단급식소식품판매업,충청북도 옥천군 옥천읍 금장로 114,충청북도 옥천군
20170440014,(주)옥천제이,집단급식소식품판매업,충청북도 옥천군 옥천읍 관성로 5,충청북도 옥천군
20170440019,하나마트,집단급식소식품판매업,"충청북도 옥천군 옥천읍 성신로 72-4, 에이스빌",충청북도 옥천군
20170440111,주식회사 영인,집단급식소식품판매업,충청북도 옥천군 옥천읍 옥천로 1654-22,충청북도 옥천군
20190447082,농산물직판장,집단급식소식품판매업,충청북도 옥천군 옥천읍 구일리 270번지,충청북도 옥천군
20190447097,옥천살림협동조합(유통센터),집단급식소식품판매업,충청북도 옥천군 옥천읍 가화길 71,충청북도 옥천군
20040440169,주식회사 온당,유통전문판매업,충청북도 옥천군 이원면 이원농공로 118,충청북도 옥천군
20060440077,행복담기(주),유통전문판매업,충청북도 옥천군 옥천읍 중앙로 153,충청북도 옥천군
20060440092,농업화사법인 한울팜스주식회사,유통전문판매업,충청북도 옥천군 군북면 비야대정로 293-3,충청북도 옥천군
20070440017,대도식품,유통전문판매업,충청북도 옥천군 옥천읍 양수로6길 72-24,충청북도 옥천군
20070440050,대청농업협동조합,유통전문판매업,충청북도 옥천군 안내면 현리3길 7-1,충청북도 옥천군
20070440053,농업회사법인 (주)금호식품 옥천2공장,유통전문판매업,충청북도 옥천군 이원면 용방3길 18,충청북도 옥천군
20070440063,(주)청양식품,유통전문판매업,충청북도 옥천군 동이면 옥천동이로 576-60,충청북도 옥천군
20090440032,옥천농협 농산물 가공공장,유통전문판매업,충청북도 옥천군 동이면 옥천동이로 576-40,충청북도 옥천군
20100440065,(주)이담,유통전문판매업,충청북도 옥천군 옥천읍 옥천동이로 387-55,충청북도 옥천군
20120440084,참맛식품,유통전문판매업,충청북도 옥천군 옥천읍 삼청2길 218,충청북도 옥천군
20130440052,(주)블루마운트테크놀러지,유통전문판매업,충청북도 옥천군 동이면 동이농공길 73-25,충청북도 옥천군
20140440085,농업회사법인(주)함께여는세상,유통전문판매업,충청북도 옥천군 동이면 금강로 46,충청북도 옥천군
20140440101,옥천아로니아협동조합,유통전문판매업,충청북도 옥천군 옥천읍 성신로 68,충청북도 옥천군
20150440010,대운식품,유통전문판매업,충청북도 옥천군 옥천읍 양수로6길 15,충청북도 옥천군
20150440019,농업회사법인 아이사랑 주식회사,유통전문판매업,충청북도 옥천군 옥천읍 양수로6길 23,충청북도 옥천군
20150440024,옥천살림협동조합,유통전문판매업,충청북도 옥천군 옥천읍 금장로 82,충청북도 옥천군
20150440026,가나농원,유통전문판매업,충청북도 옥천군 옥천읍 마암로1길 5,충청북도 옥천군
20150440069,(주)엔투비,유통전문판매업,충청북도 옥천군 옥천읍 마암로2길 21,충청북도 옥천군
20150440120,농업회사법인 케이웰바이오신약(주),유통전문판매업,충청북도 옥천군 옥천읍 의료단지길 60,충청북도 옥천군
20160440075,쓰리골자연농원,유통전문판매업,충청북도 옥천군 옥천읍 금장로 6,충청북도 옥천군
20160440108,베리베리팜,유통전문판매업,충청북도 옥천군 동이면 적하1길 13-11,충청북도 옥천군
20160240541,주식회사 이엘트리,유통전문판매업,충청북도 옥천군 군북면 비야대정로 282-98,충청북도 옥천군
20170440052,충북농원 영농조합법인,유통전문판매업,충청북도 옥천군 이원면 신흥길 61,충청북도 옥천군
20170440076,초록담은 영농조합법인,유통전문판매업,충청북도 옥천군 군서면 장령산로 81,충청북도 옥천군
20180447008,(주)향수식자재마트,유통전문판매업,충청북도 옥천군 옥천읍 문장로 76,충청북도 옥천군
20180447018,보늬,유통전문판매업,"충청북도 옥천군 군서면 사정4길 48, 보늬푸드",충청북도 옥천군
20180447045,(주)교동식품,유통전문판매업,충청북도 옥천군 옥천읍 지용로 181,충청북도 옥천군
20180447056,(주)웰빙을 만드는 사람들,유통전문판매업,충청북도 옥천군 옥천읍 마암로2길 21,충청북도 옥천군
20180447076,옥천굼벵이,유통전문판매업,충청북도 옥천군 옥천읍 성왕로 1462,충청북도 옥천군
20180447081,옥천한봉영농조합,유통전문판매업,충청북도 옥천군 옥천읍 옥천동이로 100-55,충청북도 옥천군
20180447082,우영유통,유통전문판매업,"충청북도 옥천군 동이면 금강로 46-1, 2층",충청북도 옥천군
20180447096,주식회사 화이트코스메틱,유통전문판매업,충청북도 옥천군 이원면 묘목로 3,충청북도 옥천군
20190447008,(주)씨엠푸드,유통전문판매업,충청북도 옥천군 옥천읍 청풍로 361,충청북도 옥천군
20190447026,구지뽕건강사랑,유통전문판매업,충청북도 옥천군 이원면 묘목로 113,충청북도 옥천군
20190447063,서정농산,유통전문판매업,"충청북도 옥천군 옥천읍 관성로3길 9, 음식점 2층",충청북도 옥천군
20190447078,월이산표고농장,유통전문판매업,충청북도 옥천군 이원면 신흥1길 6,충청북도 옥천군
20190447092,농업회사법인 아이사랑정푸드 유한회사,유통전문판매업,"충청북도 옥천군 옥천읍 양수로6길 19, 주1동",충청북도 옥천군
20190447096,옥천살림협동조합(유통센터),유통전문판매업,충청북도 옥천군 옥천읍 가화길 71,충청북도 옥천군
20200447022,밀사랑푸드,유통전문판매업,"충청북도 옥천군 군북면 옥천로 1116-3, 상점",충청북도 옥천군
20200447024,(주)포즈,유통전문판매업,"충청북도 옥천군 군북면 비야대정로2길 24, 2동",충청북도 옥천군
20010440091,옥천농업협동조합 하나로 마트,기타식품판매업,충청북도 옥천군 옥천읍 삼금로 21,충청북도 옥천군
20020440137,(주)엘마트,기타식품판매업,충청북도 옥천군 옥천읍 금장로 114,충청북도 옥천군
20080440007,주식회사 원할인마트,기타식품판매업,충청북도 옥천군 옥천읍 마장로 17,충청북도 옥천군
20090440074,(주)옥천제이,기타식품판매업,충청북도 옥천군 옥천읍 관성로 5,충청북도 옥천군
20170440069,진마트,기타식품판매업,충청북도 옥천군 옥천읍 가화4길 66,충청북도 옥천군
20180447009,(주)향수식자재마트,기타식품판매업,충청북도 옥천군 옥천읍 문장로 76,충청북도 옥천군
20190447108,옥천로컬푸드직매장,기타식품판매업,"충청북도 옥천군 옥천읍 가화길 88, 옥천푸드 직매장",충청북도 옥천군
20080441053,럭키식품,집단급식소식품판매업,충청북도 영동군 영동읍 제2교로 26,충청북도 영동군
20140441063,정식품,집단급식소식품판매업,충청북도 영동군 영동읍 계산로 117,충청북도 영동군
20150441030,신선푸드,집단급식소식품판매업,"충청북도 영동군 영동읍 계산로 40, (홍우상가 3층 302호)",충청북도 영동군
20150441032,(주)목원,집단급식소식품판매업,"충청북도 영동군 영동읍 계산로 40, (홍우상가 3층 301호)",충청북도 영동군
20160441048,동원유통,집단급식소식품판매업,충청북도 영동군 영동읍 제2교로 26,충청북도 영동군
20160441049,큰나무유통,집단급식소식품판매업,충청북도 영동군 영동읍 제2교로 26,충청북도 영동군
20160496022,선미농산(주),집단급식소식품판매업,충청북도 영동군 용산면 영동산단로 38,충청북도 영동군
20000441072,매일유업(주)영동공장,유통전문판매업,충청북도 영동군 매곡면 괘방령로 730-20,충청북도 영동군
20000441076,한일종합식품(주),유통전문판매업,충청북도 영동군 황간면 영동황간로 1515-30,충청북도 영동군
20000441124,영동특산영농조합법인,유통전문판매업,충청북도 영동군 심천면 난계로 490,충청북도 영동군
20070441049,(주)하눌,유통전문판매업,"충청북도 영동군 영동읍 기골로 199, (조인힐연립주택)",충청북도 영동군
20090441026,(주)삼이원식품,유통전문판매업,충청북도 영동군 학산면 용화양강로 1480,충청북도 영동군
20110441058,장가네사과나무집,유통전문판매업,충청북도 영동군 영동읍 영동시장3길 15,충청북도 영동군
20110441089,(주)산다라바이오,유통전문판매업,충청북도 영동군 황간면 황간로 32,충청북도 영동군
20120441009,학산일라이트상사사,유통전문판매업,충청북도 영동군 학산면 용화양강로 1480,충청북도 영동군
20120441020,숙인농장,유통전문판매업,충청북도 영동군 학산면 서산로 64,충청북도 영동군
20140441002,(주)제월당,유통전문판매업,충청북도 영동군 양산면 가곡2길 34,충청북도 영동군
20140441080,영동군곶감생산자협회영농조합법인,유통전문판매업,충청북도 영동군 영동읍 새동네길 38,충청북도 영동군
20150441009,도덕마을,유통전문판매업,충청북도 영동군 학산면 용화양강로 1328,충청북도 영동군
20150441057,웰힐링협동조합,유통전문판매업,충청북도 영동군 상촌면 물한계곡로 1298-84,충청북도 영동군
20150441076,영동아로니아협동조합,유통전문판매업,충청북도 영동군 영동읍 영동시장4길 37-14,충청북도 영동군
20150441091,김가네 아로니아,유통전문판매업,충청북도 영동군 영동읍 중앙로 15,충청북도 영동군
20160441001,위즈빌베리팜,유통전문판매업,충청북도 영동군 영동읍 영산로 21,충청북도 영동군
20160441060,배가네,유통전문판매업,충청북도 영동군 황간면 남성리 569번지 5호,충청북도 영동군
20160441061,소담농장,유통전문판매업,충청북도 영동군 영동읍 학산영동로 1237,충청북도 영동군
20160441066,영동아로니아와인,유통전문판매업,"충청북도 영동군 영동읍 동정로 39-22, 2층",충청북도 영동군
20160441077,봉구네농장,유통전문판매업,"충청북도 영동군 영동읍 영산로 48, 1층",충청북도 영동군
20160441083,삼도봉농장,유통전문판매업,충청북도 영동군 매곡면 민주지산로 3591-1,충청북도 영동군
20160441093,해피팜 영농조합,유통전문판매업,충청북도 영동군 황간면 남성1길 1,충청북도 영동군
20160441103,숲밑에농원,유통전문판매업,충청북도 영동군 학산면 서산로 45,충청북도 영동군
20160441105,물방아골농원,유통전문판매업,충청북도 영동군 영동읍 중앙로6길 22-2,충청북도 영동군
20170441065,농촌살림협동조합,유통전문판매업,"충청북도 영동군 양강면 신기1길 15, 2층",충청북도 영동군
20170441097,농업회사법인거담주식회사,유통전문판매업,"충청북도 영동군 영동읍 동정로 30, 501호 (골든렉시움 오피스텔)",충청북도 영동군
20170441098,농업회사법인(주)강이락,유통전문판매업,충청북도 영동군 영동읍 금동로 190,충청북도 영동군
20170441108,대보무역,유통전문판매업,충청북도 영동군 영동읍 부용7안길 24,충청북도 영동군
20180448024,한누리영농조합법인,유통전문판매업,"충청북도 영동군 영동읍 구수로 79, 농원",충청북도 영동군
20180448030,주) 다온찬,유통전문판매업,충청북도 영동군 용산면 용심로 1284,충청북도 영동군
20180448057,농업회사법인 (주)미다운,유통전문판매업,충청북도 영동군 영동읍 금동로 106,충청북도 영동군
20180448086,농업회사법인 알음알이 주식회사,유통전문판매업,"충청북도 영동군 영동읍 영산로 48, 1층 A호 (영산타워맨션)",충청북도 영동군
20180448099,영동 명품관,유통전문판매업,"충청북도 영동군 영동읍 계산로1길 13, 태일상가",충청북도 영동군
20180448112,그린상사,유통전문판매업,충청북도 영동군 영동읍 계산로 119-1,충청북도 영동군
20190448019,민제네,유통전문판매업,충청북도 영동군 상촌면 민주지산로 2995,충청북도 영동군
20190448051,수연농원,유통전문판매업,충청북도 영동군 영동읍 영동시장4길 37-14,충청북도 영동군
20190448077,도마령영농조합법인,유통전문판매업,충청북도 영동군 상촌면 민주지산로 1490,충청북도 영동군
20200448030,주식회사 비건쿡,유통전문판매업,충청북도 영동군 영동읍 난계로 1178,충청북도 영동군
20200448035,주식회사 라누베,유통전문판매업,"충청북도 영동군 영동읍 산막골길 112, 사무소 2층",충청북도 영동군
19960441031,(유)영동공판장,기타식품판매업,충청북도 영동군 영동읍 영동시장3길 19,충청북도 영동군
19960441029,(주)현대쇼핑,기타식품판매업,충청북도 영동군 영동읍 계산로 40,충청북도 영동군
19970441013,영동유마트,기타식품판매업,충청북도 영동군 영동읍 중앙로 21,충청북도 영동군
20020441045,(주)영동할인마트,기타식품판매업,충청북도 영동군 영동읍 계산로 66,충청북도 영동군
20030441052,황간농협하나로마트,기타식품판매업,충청북도 영동군 황간면 황간로 41,충청북도 영동군
20080441023,영동농협하나로마트,기타식품판매업,충청북도 영동군 영동읍 난계로 1194,충청북도 영동군
20170441048,이츠마트,기타식품판매업,충청북도 영동군 영동읍 구교로 27,충청북도 영동군
20180448106,황간식자재마트,기타식품판매업,충청북도 영동군 황간면 영동황간로 1720,충청북도 영동군
20080439013,경원상회,집단급식소식품판매업,충청북도 보은군 보은읍 삼산로 17-24,충청북도 보은군
20080439045,대동상회,집단급식소식품판매업,충청북도 보은군 보은읍 삼산로 17-4,충청북도 보은군
20080439047,칠성식품,집단급식소식품판매업,"충청북도 보은군 보은읍 삼산로 17-28, 통일시장",충청북도 보은군
20080439053,"동해수산, 식품",집단급식소식품판매업,충청북도 보은군 보은읍 삼산로 17-8,충청북도 보은군
20090439018,선곡식품,집단급식소식품판매업,"충청북도 보은군 보은읍 삼산로 17-30, 통일시장",충청북도 보은군
20100439044,주영식품,집단급식소식품판매업,충청북도 보은군 보은읍 작은장신길 7-4,충청북도 보은군
20110439039,동양상회,집단급식소식품판매업,충청북도 보은군 보은읍 삼산로 17-1,충청북도 보은군
20120439010,보은농협하나로마트,집단급식소식품판매업,충청북도 보은군 보은읍 보은로 143,충청북도 보은군
20140439004,나눔생활협동조합,집단급식소식품판매업,충청북도 보은군 보은읍 보은로 40-1,충청북도 보은군
20140439034,중부축산물도매센터,집단급식소식품판매업,충청북도 보은군 보은읍 삼산로 21-3,충청북도 보은군
20150439003,고래수산,집단급식소식품판매업,충청북도 보은군 보은읍 삼산로 17-17,충청북도 보은군
20150439027,(주)이킴,집단급식소식품판매업,충청북도 보은군 보은읍 금굴4길 35-0,충청북도 보은군
20180446024,이킴삼승공장,집단급식소식품판매업,"충청북도 보은군 삼승면 농공단지길 23, (주)진미",충청북도 보은군
19970439075,(주)풀그린,유통전문판매업,충청북도 보은군 장안면 매화구인로 346,충청북도 보은군
20010439086,대영식품(주),유통전문판매업,충청북도 보은군 보은읍 금굴4길 32,충청북도 보은군
20050439028,보나팜영농조합,유통전문판매업,충청북도 보은군 산외면 대원길 54,충청북도 보은군
20080439004,보은대추한과,유통전문판매업,충청북도 보은군 수한면 보청대로 2075-15,충청북도 보은군
20100439059,(주)보은물산,유통전문판매업,"충청북도 보은군 삼승면 남부로 3702, ((104호, 211호))",충청북도 보은군
20110439027,자연본가,유통전문판매업,충청북도 보은군 마로면 관기3길 8-17,충청북도 보은군
20120439036,속리산농원,유통전문판매업,충청북도 보은군 장안면 구인2길 8,충청북도 보은군
20130439019,보은농업협동조합,유통전문판매업,충청북도 보은군 보은읍 보청대로 1742,충청북도 보은군
20140439007,회인골하수오약초영농조합,유통전문판매업,충청북도 보은군 회인면 새터고개길 95,충청북도 보은군
20140439019,농업회사법인(유)선애마을보은,유통전문판매업,충청북도 보은군 마로면 세중기대로 261-129,충청북도 보은군
20150439029,합자회사 홍진 농업회사법인,유통전문판매업,충청북도 보은군 내북면 남부로 5797,충청북도 보은군
20150439045,민주농원,유통전문판매업,충청북도 보은군 마로면 관기송현로 90,충청북도 보은군
20150439057,하얀민들레생태마을,유통전문판매업,충청북도 보은군 회인면 부수길 111-10,충청북도 보은군
20150439085,에스-프로 미네랄,유통전문판매업,충청북도 보은군 보은읍 장신로 5-3,충청북도 보은군
20150439086,(주)다올푸드,유통전문판매업,"충청북도 보은군 내북면 남부로 6379, 공장",충청북도 보은군
20160439020,우아한영농조합법인,유통전문판매업,충청북도 보은군 보은읍 용암1길 73-10,충청북도 보은군
20160439024,농업법인(주)디에이치씨,유통전문판매업,충청북도 보은군 장안면 장재로 22,충청북도 보은군
20160439052,금적산아로니아,유통전문판매업,충청북도 보은군 삼승면 원남로 29,충청북도 보은군
20170439009,농업회사법인보은햇살푸드(주),유통전문판매업,충청북도 보은군 산외면 탕골2길 8,충청북도 보은군
20170439043,공식품영농조합법인,유통전문판매업,충청북도 보은군 마로면 사여길 82-6,충청북도 보은군
20170439060,결초보은대추영농조합법인(대추연합회),유통전문판매업,충청북도 보은군 보은읍 삼산로 17-13,충청북도 보은군
20170439066,씨케이주식회사,유통전문판매업,충청북도 보은군 보은읍 매화구인로 331-10,충청북도 보은군
20170439068,농업회사법인 (주)우성,유통전문판매업,충청북도 보은군 속리산면 하판2길 8-10,충청북도 보은군
20180446007,보은유기농대추영농조합법인,유통전문판매업,충청북도 보은군 내북면 도원리 197번지 5호,충청북도 보은군
20180446027,농업법인 속리산명가(주),유통전문판매업,"충청북도 보은군 삼승면 천남송죽로 383, 사과꽃향기센터",충청북도 보은군
20180446037,모모씨네,유통전문판매업,충청북도 보은군 산외면 백석리 8번지 29호,충청북도 보은군
20180446046,보은삼가대추농원,유통전문판매업,충청북도 보은군 수한면 보청대로 2010,충청북도 보은군
20180446074,보은대추나라,유통전문판매업,"충청북도 보은군 삼승면 남부로 3702, 보은 R&D센터",충청북도 보은군
20180446123,(주)청솔에프앤비,유통전문판매업,"충청북도 보은군 장안면 매화구인로 342, 사무소",충청북도 보은군
20190446017,농업회사법인 엠에스바이오주식회사,유통전문판매업,"충청북도 보은군 탄부면 덕동매화길 139, 버섯재배사",충청북도 보은군
20190446043,농업회사법인(주)농부의 꾸러미,유통전문판매업,충청북도 보은군 보은읍 용암1길 77,충청북도 보은군
20190446070,숙이네농원,유통전문판매업,충청북도 보은군 회인면 고석1길 12,충청북도 보은군
20190446073,쑥티유통,유통전문판매업,충청북도 보은군 회인면 애곡로1길 71,충청북도 보은군
20190446077,주식회사 조은,유통전문판매업,"충청북도 보은군 삼승면 남부로 3702, 211호",충청북도 보은군
20190446134,(주)코포보,유통전문판매업,"충청북도 보은군 삼승면 남부로 3702, 2층 202호",충청북도 보은군
20200446001,주식회사 지웰바이오,유통전문판매업,"충청북도 보은군 삼승면 남부로 3750-331, 공장 3동 2층",충청북도 보은군
20010439105,(주)보은마트,기타식품판매업,충청북도 보은군 보은읍 보청대로 1892,충청북도 보은군
20010439063,(주)보은D-마트,기타식품판매업,충청북도 보은군 보은읍 남부로 4505,충청북도 보은군
20020439056,보은농협하나로마트,기타식품판매업,충청북도 보은군 보은읍 보은로 143,충청북도 보은군
20060439027,대구할인마트,기타식품판매업,충청북도 보은군 보은읍 보은로 82,충청북도 보은군
20070439007,주식회사 보은우리마트,기타식품판매업,충청북도 보은군 보은읍 삼산로 18,충청북도 보은군
20130439032,365할인,기타식품판매업,충청북도 보은군 보은읍 삼산로1길 3-12,충청북도 보은군
20160439063,영마트,기타식품판매업,충청북도 보은군 보은읍 교사삼산길 11,충청북도 보은군
20190446140,보은마트,기타식품판매업,"충청북도 보은군 보은읍 뱃들로 43, 상가",충청북도 보은군
20080447033,도담식품슈퍼,집단급식소식품판매업,충청북도 단양군 매포읍 평동3로 5,충청북도 단양군
20080447044,충북상회,집단급식소식품판매업,"충청북도 단양군 단양읍 도전4길 36, 단양시장 120호",충청북도 단양군
20080447047,북단양농협하나로마트,집단급식소식품판매업,충청북도 단양군 매포읍 평동로 143,충청북도 단양군
20080447051,용문수퍼,집단급식소식품판매업,충청북도 단양군 단양읍 상진6길 8,충청북도 단양군
20090447067,하나로쇼핑타운,집단급식소식품판매업,충청북도 단양군 단양읍 삼봉로 297,충청북도 단양군
20110447074,풍년상회,집단급식소식품판매업,충청북도 단양군 매포읍 평동25길 14,충청북도 단양군
19970447135,단양소백농업협동조합,유통전문판매업,충청북도 단양군 영춘면 온달평강로 48,충청북도 단양군
20060447005,(주)참좋은생명의집,유통전문판매업,충청북도 단양군 대강면 대강농공길 23,충청북도 단양군
20070447035,주)피러스,유통전문판매업,충청북도 단양군 매포읍 평동리 272-31번지,충청북도 단양군
20120447060,농업회사법인 마나피아(주),유통전문판매업,충청북도 단양군 단양읍 수촌1길 23,충청북도 단양군
20130447002,이산아리,유통전문판매업,충청북도 단양군 단양읍 다리안로 266,충청북도 단양군
20130447022,소백농산,유통전문판매업,충청북도 단양군 매포읍 단양로 1783,충청북도 단양군
20140447036,농업회사법인(주)단양농특산,유통전문판매업,충청북도 단양군 가곡면 사평3길 20,충청북도 단양군
20150447001,농업회사법인단양참살이(주),유통전문판매업,충청북도 단양군 단양읍 삼봉로 328,충청북도 단양군
20150447008,장익는마을영농조합법인,유통전문판매업,충청북도 단양군 대강면 도예로 427-22,충청북도 단양군
20150447021,단양아로니아영농조합법인 대명지점,유통전문판매업,충청북도 단양군 단양읍 삼봉로 187-18,충청북도 단양군
20150447050,소백산영농조합법인,유통전문판매업,충청북도 단양군 매포읍 응실2길 41,충청북도 단양군
20150447091,성진,유통전문판매업,충청북도 단양군 어상천면 중거리대전로 108-29,충청북도 단양군
20170447012,보우농,유통전문판매업,충청북도 단양군 가곡면 구인사로 491-7,충청북도 단양군
20170447023,다믄촌,유통전문판매업,충청북도 단양군 어상천면 매포어상천로 977,충청북도 단양군
20170447034,혜림이네농장,유통전문판매업,충청북도 단양군 단성면 충혼로 39,충청북도 단양군
20170447075,고운골 농장,유통전문판매업,"충청북도 단양군 대강면 단양로 130, 1호",충청북도 단양군
20170447076,로이스팜 영농조합법인,유통전문판매업,충청북도 단양군 매포읍 영천길 51-6,충청북도 단양군
20170447081,민향농원,유통전문판매업,충청북도 단양군 단양읍 도전4길 14,충청북도 단양군
20180454026,CS유통,유통전문판매업,충청북도 단양군 가곡면 대대5길 46,충청북도 단양군
20180454029,단양사과협동조합,유통전문판매업,"충청북도 단양군 매포읍 평동23길 15-1, 평동세차장",충청북도 단양군
20180454052,단양선돌아로니아영농조합,유통전문판매업,"충청북도 단양군 매포읍 단양로 2128, 금수산휴게소",충청북도 단양군
20180454068,더삶,유통전문판매업,충청북도 단양군 매포읍 평동4로 123,충청북도 단양군
20180454082,관주식품,유통전문판매업,충청북도 단양군 적성면 각기1길 18,충청북도 단양군
20180454086,한드미 유통전문판매장,유통전문판매업,충청북도 단양군 가곡면 한드미길 30-12,충청북도 단양군
20180454103,가산농원,유통전문판매업,충청북도 단양군 단성면 선암계곡로 1080-17,충청북도 단양군
20190454017,소백산오토캠핑장,유통전문판매업,충청북도 단양군 가곡면 새밭로 380,충청북도 단양군
20190454044,소백산 내츄럴,유통전문판매업,충청북도 단양군 적성면 옷바위길 60-40,충청북도 단양군
20190454058,단양팔경영농조합법인,유통전문판매업,충청북도 단양군 가곡면 새밭로 380,충청북도 단양군
20200454003,단양로컬푸드협동조합,유통전문판매업,"충청북도 단양군 단양읍 도전4길 30, 단양시장",충청북도 단양군
20200454016,단양강소농영농조합,유통전문판매업,"충청북도 단양군 매포읍 평동24길 3-3, 8동 5호",충청북도 단양군
20130447050,단양농협 상진 하나로마트,기타식품판매업,충청북도 단양군 단양읍 상진2길 49-4,충청북도 단양군
20150447039,홈마트 매포점,기타식품판매업,충청북도 단양군 매포읍 평동로 98,충청북도 단양군
20080444027,늘푸른식품,집단급식소식품판매업,충청북도 괴산군 괴산읍 괴강로동부1길 12,충청북도 괴산군
20090444054,창건유통,집단급식소식품판매업,충청북도 괴산군 괴산읍 괴강로 59,충청북도 괴산군
20130444095,은지유통,집단급식소식품판매업,충청북도 괴산군 괴산읍 읍내로16길 6,충청북도 괴산군
20160444039,현대푸드밀,집단급식소식품판매업,충청북도 괴산군 청천면 도원통미길 12-11,충청북도 괴산군
20200451021,괴산먹거리연대사회적협동조합,집단급식소식품판매업,"충청북도 괴산군 감물면 맹이재로 611-7, 주2,주4,주5동",충청북도 괴산군
20100444062,군자농업협동조합,유통전문판매업,충청북도 괴산군 장연면 미선로 775,충청북도 괴산군
20110444080,괴산군조합공동사업법인,유통전문판매업,충청북도 괴산군 문광면 괴산로 3204,충청북도 괴산군
20110417476,박향희웰빙세상,유통전문판매업,충청북도 괴산군 청안면 광장로 624-33,충청북도 괴산군
20130444024,준코청정푸드밸리,유통전문판매업,충청북도 괴산군 소수면 길선1길 35-14,충청북도 괴산군
20130444073,(주)다담은,유통전문판매업,충청북도 괴산군 청안면 금신로 28,충청북도 괴산군
20140444039,농업회사법인 발효코리아 주식회사,유통전문판매업,충청북도 괴산군 장연면 미선로오가2길 30,충청북도 괴산군
20150444005,클래식영농조합법인,유통전문판매업,충청북도 괴산군 불정면 한불로 1202-12,충청북도 괴산군
20150444048,(주)제인웰라이프,유통전문판매업,"충청북도 괴산군 괴산읍 문무로 85, (중원대학교 산학협력단 423호)",충청북도 괴산군
20150444061,웃는효소,유통전문판매업,충청북도 괴산군 칠성면 칠성로3길 13,충청북도 괴산군
20150444067,불정농업협동조합,유통전문판매업,충청북도 괴산군 불정면 목도로4길 6-1,충청북도 괴산군
20150444081,바꿈농장,유통전문판매업,충청북도 괴산군 청안면 청안읍내로 137-35,충청북도 괴산군
20150444082,(주)청솔식품,유통전문판매업,충청북도 괴산군 사리면 사리로방축골길 44-45,충청북도 괴산군
20150444095,효성자연농원,유통전문판매업,충청북도 괴산군 칠성면 연풍로 77,충청북도 괴산군
20150444147,(주)덕산식품,유통전문판매업,충청북도 괴산군 사리면 모래재로이곡5길 1,충청북도 괴산군
20150444150,산막이농산,유통전문판매업,충청북도 괴산군 칠성면 산막이옛길 103,충청북도 괴산군
20160444008,(주)시즈너,유통전문판매업,충청북도 괴산군 청안면 칠보로 712-1,충청북도 괴산군
20160444066,삼송영농조합법인,유통전문판매업,충청북도 괴산군 괴산읍 괴강로 12,충청북도 괴산군
20160444090,괴산약초유기농산물협동조합,유통전문판매업,충청북도 괴산군 괴산읍 대제산단2길 68,충청북도 괴산군
20160444098,괴산친환경아로니아농원,유통전문판매업,충청북도 괴산군 문광면 광덕3길 163,충청북도 괴산군
20160444099,농업회사법인(주)애간장,유통전문판매업,충청북도 괴산군 괴산읍 자연식품1길 38,충청북도 괴산군
20170444014,칠성표고,유통전문판매업,"충청북도 괴산군 칠성면 산막이옛길 103, 21호",충청북도 괴산군
20170444045,미가푸드,유통전문판매업,충청북도 괴산군 괴산읍 제월로 45,충청북도 괴산군
20170444074,(주)요거솔,유통전문판매업,충청북도 괴산군 문광면 광덕길 93,충청북도 괴산군
20170444109,(주)농업법인쿱도우 괴산공방,유통전문판매업,충청북도 괴산군 괴산읍 자연식품길 37,충청북도 괴산군
20180451064,농업회사법인 주식회사 에코푸드,유통전문판매업,충청북도 괴산군 칠성면 자연드림길 200,충청북도 괴산군
20180451068,엄마아빠손두부식품,유통전문판매업,"충청북도 괴산군 괴산읍 수진2길 4, 수진슈퍼",충청북도 괴산군
20180451130,연풍이삭영농조합법인,유통전문판매업,충청북도 괴산군 연풍면 삼풍길 3,충청북도 괴산군
20190451031,농업회사법인 내추럴쿡(주),유통전문판매업,충청북도 괴산군 감물면 감물로이담1길 104,충청북도 괴산군
20190451064,괴산시골절임배추 영농조합법인,유통전문판매업,충청북도 괴산군 문광면 괴산로송평1길 65-33,충청북도 괴산군
20200451050,주식회사 뻐꾸기,유통전문판매업,"충청북도 괴산군 괴산읍 대제산단6길 7, 뻐꾸기",충청북도 괴산군
20200451059,어업회사법인(주)바숑,유통전문판매업,"충청북도 괴산군 괴산읍 쏘가리길 59, 수산식품산업거점단지 제1가공시설",충청북도 괴산군
20200451062,재미네부엌,유통전문판매업,충청북도 괴산군 칠성면 사평1길 24,충청북도 괴산군
20200451075,(주)쿱무역,유통전문판매업,"충청북도 괴산군 괴산읍 자연식품1길 14, 2층 203호",충청북도 괴산군
19990444076,괴산농협하나로마트중앙지점,기타식품판매업,충청북도 괴산군 괴산읍 읍내로 272-5,충청북도 괴산군
20030444008,(주)주성마트,기타식품판매업,충청북도 괴산군 괴산읍 괴강로 17,충청북도 괴산군
20030444010,D-마트,기타식품판매업,충청북도 괴산군 괴산읍 읍내로2길 27,충청북도 괴산군
20030444021,청천농협하나로마트,기타식품판매업,충청북도 괴산군 청천면 괴산로 1349,충청북도 괴산군
20140444058,화랑마트,기타식품판매업,충청북도 괴산군 괴산읍 읍내로3길 4,충청북도 괴산군
20160444063,주성DC아울렛 백화점,기타식품판매업,충청북도 괴산군 괴산읍 괴강로동부2길 8,충청북도 괴산군
20170444079,BK MART,기타식품판매업,충청북도 괴산군 청천면 청천7길 1,충청북도 괴산군
20180451112,(주)쿱스토어대전충청 괴산자연드림파크점,기타식품판매업,"충청북도 괴산군 칠성면 자연드림길 240, C동 2층 지원센터",충청북도 괴산군
20200451024,버섯랜드,기타식품판매업,"충청북도 괴산군 청천면 화양로 14, 제2동",충청북도 괴산군
